CustomerID,Recency,Frequency,Monetary,Recency_capped,Frequency_capped,Monetary_capped,R_Score,F_Score,M_Score,RFM_Score
12820,3,4,942.34,3.0,4.0,942.34,5,1,4,514
12822,70,2,948.88,70.0,2.0,948.88,3,1,4,314
12824,59,1,397.12,59.0,1.0,397.12,3,1,2,312
12826,2,7,1474.72,2.0,7.0,1474.72,5,2,4,524
12827,5,3,430.15000000000003,5.0,3.0,430.15000000000003,5,1,2,512
12828,2,6,1018.71,2.0,6.0,1018.71,5,1,4,514
12832,32,2,383.03,32.0,2.0,383.03,4,1,2,412
12833,145,1,417.38,145.0,1.0,417.38,2,1,2,212
12834,282,1,312.38,282.0,1.0,312.38,1,1,2,112
12838,33,2,683.13,33.0,2.0,683.13,3,1,3,313
12842,70,2,1118.99,70.0,2.0,1118.99,3,1,4,314
12844,29,2,325.96000000000004,29.0,2.0,325.96000000000004,4,1,2,412
12845,267,4,354.09,267.0,4.0,354.09,1,1,2,112
12847,22,1,871.54,22.0,1.0,871.54,4,1,3,413
12849,31,2,1050.8899999999999,31.0,2.0,1050.8899999999999,4,1,4,414
12852,294,1,311.55,294.0,1.0,311.55,1,1,2,112
12854,78,3,1324.5,78.0,3.0,1324.5,2,1,4,214
12857,210,2,1106.4,210.0,2.0,1106.4,1,1,4,114
12863,52,1,521.2,52.0,1.0,521.2,3,1,3,313
12871,84,2,380.64,84.0,2.0,380.64,2,1,2,212
12872,326,2,599.97,326.0,2.0,599.97,1,1,3,113
12873,282,1,374.0,282.0,1.0,374.0,1,1,2,112
12875,143,2,343.2300000000001,143.0,2.0,343.2300000000001,2,1,2,212
12877,3,12,1535.77,3.0,12.0,1535.77,5,2,4,524
12878,236,2,854.99,236.0,2.0,854.99,1,1,3,113
12879,44,3,573.22,44.0,3.0,573.22,3,1,3,313
12882,9,2,1463.04,9.0,2.0,1463.04,5,1,4,514
12883,24,4,703.47,24.0,4.0,703.47,4,1,3,413
12884,88,1,309.05,88.0,1.0,309.05,2,1,2,212
12885,63,3,1175.22,63.0,3.0,1175.22,3,1,4,314
12886,67,2,1378.4,67.0,2.0,1378.4,3,1,4,314
12888,214,2,354.12,214.0,2.0,354.12,1,1,2,112
12890,24,1,380.46999999999997,24.0,1.0,380.46999999999997,4,1,2,412
12891,185,3,331.0,185.0,3.0,331.0,1,1,2,112
12895,42,2,372.8,42.0,2.0,372.8,3,1,2,312
12904,18,2,509.58,18.0,2.0,509.58,4,1,3,413
12908,176,2,750.0,176.0,2.0,750.0,2,1,3,213
12915,148,2,363.65,148.0,2.0,363.65,2,1,2,212
12917,128,1,594.0,128.0,1.0,594.0,2,1,3,213
12919,8,6,1335.19,8.0,6.0,1335.19,5,1,4,514
12922,161,1,405.38,161.0,1.0,405.38,2,1,2,212
12924,88,4,933.7,88.0,4.0,933.7,2,1,4,214
12925,4,2,694.05,4.0,2.0,694.05,5,1,3,513
12930,78,2,415.8,78.0,2.0,415.8,2,1,2,212
12933,24,3,607.53,24.0,3.0,607.53,4,1,3,413
12936,17,4,1063.9,17.0,4.0,1063.9,4,1,4,414
12937,15,4,1504.27,15.0,4.0,1504.27,4,1,4,414
12940,54,2,913.54,54.0,2.0,913.54,3,1,4,314
12942,131,3,683.9,131.0,3.0,683.9,2,1,3,213
12944,35,2,604.51,35.0,2.0,604.51,3,1,3,313
12945,288,1,462.95,288.0,1.0,462.95,1,1,2,112
12951,8,6,1064.07,8.0,6.0,1064.07,5,1,4,514
12952,5,4,1387.79,5.0,4.0,1387.79,5,1,4,514
12953,9,1,329.85,9.0,1.0,329.85,5,1,2,512
12965,89,1,771.91,89.0,1.0,771.91,2,1,3,213
12970,7,4,452.24,7.0,4.0,452.24,5,1,2,512
12976,211,1,738.6,211.0,1.0,738.6,1,1,3,113
12981,29,2,372.21999999999997,29.0,2.0,372.21999999999997,4,1,2,412
12982,242,1,390.54,242.0,1.0,390.54,1,1,2,112
12985,0,2,1239.38,0.0,2.0,1239.38,5,1,4,514
12987,73,2,558.7,73.0,2.0,558.7,2,1,3,213
12988,292,1,535.32,292.0,1.0,535.32,1,1,3,113
12990,31,3,409.5,31.0,3.0,409.5,4,1,2,412
12991,23,2,503.76,23.0,2.0,503.76,4,1,3,413
12993,23,4,414.76,23.0,4.0,414.76,4,1,2,412
12994,4,3,974.4200000000001,4.0,3.0,974.4200000000001,5,1,4,514
12997,22,4,1226.89,22.0,4.0,1226.89,4,1,4,414
12999,196,3,455.88,196.0,3.0,455.88,1,1,2,112
13000,106,3,534.85,106.0,3.0,534.85,2,1,3,213
13005,173,2,513.7,173.0,2.0,513.7,2,1,3,213
13016,73,3,789.89,73.0,3.0,789.89,2,1,3,213
13023,64,2,689.9,64.0,2.0,689.9,3,1,3,313
13026,1,5,975.36,1.0,5.0,975.36,5,1,4,514
13028,22,2,661.3199999999999,22.0,2.0,661.3199999999999,4,1,3,413
13029,30,3,1247.5,30.0,3.0,1247.5,4,1,4,414
13030,11,2,799.48,11.0,2.0,799.48,5,1,3,513
13032,52,2,1010.18,52.0,2.0,1010.18,3,1,4,314
13034,54,2,642.77,54.0,2.0,642.77,3,1,3,313
13035,73,2,921.88,73.0,2.0,921.88,2,1,4,214
13037,138,3,881.07,138.0,3.0,881.07,2,1,3,213
13038,80,3,908.46,80.0,3.0,908.46,2,1,4,214
13040,8,2,676.99,8.0,2.0,676.99,5,1,3,513
13043,273,1,516.42,273.0,1.0,516.42,1,1,3,113
13044,291,1,560.47,291.0,1.0,560.47,1,1,3,113
13045,99,1,305.28000000000003,99.0,1.0,305.28000000000003,2,1,2,212
13046,30,2,629.31,30.0,2.0,629.31,4,1,3,413
13049,64,2,656.6800000000001,64.0,2.0,656.6800000000001,3,1,3,313
13052,212,1,348.15000000000003,212.0,1.0,348.15000000000003,1,1,2,112
13055,78,3,1214.41,78.0,3.0,1214.41,2,1,4,214
13060,253,1,307.53,253.0,1.0,307.53,1,1,2,112
13062,191,1,346.98,191.0,1.0,346.98,1,1,2,112
13064,12,4,1119.49,12.0,4.0,1119.49,5,1,4,514
13066,24,2,470.8,24.0,2.0,470.8,4,1,3,413
13068,10,2,344.0,10.0,2.0,344.0,5,1,2,512
13075,129,1,919.61,129.0,1.0,919.61,2,1,4,214
13077,1,4,729.27,1.0,4.0,729.27,5,1,3,513
13083,4,2,303.75,4.0,2.0,303.75,5,1,2,512
13085,157,2,416.08000000000004,157.0,2.0,416.08000000000004,2,1,2,212
13091,28,1,345.82,28.0,1.0,345.82,4,1,2,412
13092,70,5,477.83,70.0,5.0,477.83,3,1,3,313
13104,3,6,1098.48,3.0,6.0,1098.48,5,1,4,514
13107,44,4,1531.6200000000001,44.0,4.0,1531.6200000000001,3,1,4,314
13108,372,1,350.06,368.80999999999995,1.0,350.06,1,1,2,112
13109,59,2,786.54,59.0,2.0,786.54,3,1,3,313
13110,31,7,1488.67,31.0,7.0,1488.67,4,2,4,424
13116,138,1,501.14,138.0,1.0,501.14,2,1,3,213
13117,21,8,984.91,21.0,8.0,984.91,4,2,4,424
13118,19,5,1197.81,19.0,5.0,1197.81,4,1,4,414
13122,94,2,922.39,94.0,2.0,922.39,2,1,4,214
13131,23,3,1073.3,23.0,3.0,1073.3,4,1,4,414
13138,22,6,962.39,22.0,6.0,962.39,4,1,4,414
13140,108,3,423.72,108.0,3.0,423.72,2,1,2,212
13142,19,1,307.09,19.0,1.0,307.09,4,1,2,412
13145,39,4,618.52,39.0,4.0,618.52,3,1,3,313
13147,10,4,712.8000000000001,10.0,4.0,712.8000000000001,5,1,3,513
13151,295,1,1257.8700000000001,295.0,1.0,1257.8700000000001,1,1,4,114
13153,5,1,486.22,5.0,1.0,486.22,5,1,3,513
13155,33,4,971.76,33.0,4.0,971.76,3,1,4,314
13158,94,4,1201.06,94.0,4.0,1201.06,2,1,4,214
13159,8,4,1437.85,8.0,4.0,1437.85,5,1,4,514
13165,46,2,1021.48,46.0,2.0,1021.48,3,1,4,314
13166,283,1,417.2,283.0,1.0,417.2,1,1,2,112
13167,18,4,791.33,18.0,4.0,791.33,4,1,3,413
13168,36,4,1319.19,36.0,4.0,1319.19,3,1,4,314
13169,63,2,712.88,63.0,2.0,712.88,3,1,3,313
13171,21,3,468.41,21.0,3.0,468.41,4,1,3,413
13173,4,2,353.65,4.0,2.0,353.65,5,1,2,512
13176,46,1,492.84,46.0,1.0,492.84,3,1,3,313
13186,39,3,1575.89,39.0,3.0,1575.89,3,1,4,314
13192,95,2,911.94,95.0,2.0,911.94,2,1,4,214
13200,19,4,870.09,19.0,4.0,870.09,4,1,3,413
13203,9,4,869.46,9.0,4.0,869.46,5,1,3,513
13208,58,6,1223.9,58.0,6.0,1223.9,3,1,4,314
13210,93,1,353.48,93.0,1.0,353.48,2,1,2,212
13211,10,3,1197.42,10.0,3.0,1197.42,5,1,4,514
13212,19,3,788.08,19.0,3.0,788.08,4,1,3,413
13213,56,5,1520.58,56.0,5.0,1520.58,3,1,4,314
13216,267,1,333.74,267.0,1.0,333.74,1,1,2,112
13217,122,3,533.98,122.0,3.0,533.98,2,1,3,213
13220,78,4,819.2900000000001,78.0,4.0,819.2900000000001,2,1,3,213
13221,240,2,847.41,240.0,2.0,847.41,1,1,3,113
13228,81,1,358.0,81.0,1.0,358.0,2,1,2,212
13232,12,7,1357.6,12.0,7.0,1357.6,5,2,4,524
13233,74,2,605.12,74.0,2.0,605.12,2,1,3,213
13235,212,1,1031.07,212.0,1.0,1031.07,1,1,4,114
13236,24,2,744.85,24.0,2.0,744.85,4,1,3,413
13238,17,4,700.73,17.0,4.0,700.73,4,1,3,413
13239,261,1,329.56,261.0,1.0,329.56,1,1,2,112
13240,96,4,663.65,96.0,4.0,663.65,2,1,3,213
13243,203,1,600.07,203.0,1.0,600.07,1,1,3,113
13245,50,1,430.5,50.0,1.0,430.5,3,1,2,312
13247,17,4,501.12,17.0,4.0,501.12,4,1,3,413
13248,124,2,465.68,124.0,2.0,465.68,2,1,3,213
13249,92,3,711.41,92.0,3.0,711.41,2,1,3,213
13253,156,2,1030.4,156.0,2.0,1030.4,2,1,4,214
13255,9,2,399.51,9.0,2.0,399.51,5,1,2,512
13258,11,3,698.58,11.0,3.0,698.58,5,1,3,513
13260,61,1,557.62,61.0,1.0,557.62,3,1,3,313
13261,268,2,944.1,268.0,2.0,944.1,1,1,4,114
13270,366,1,590.0,366.0,1.0,590.0,1,1,3,113
13276,63,2,590.9300000000001,63.0,2.0,590.9300000000001,3,1,3,313
13278,40,1,542.73,40.0,1.0,542.73,3,1,3,313
13280,122,3,814.86,122.0,3.0,814.86,2,1,3,213
13282,18,3,1132.14,18.0,3.0,1132.14,4,1,4,414
13291,155,1,361.11,155.0,1.0,361.11,2,1,2,212
13292,38,2,578.9399999999999,38.0,2.0,578.9399999999999,3,1,3,313
13294,189,2,873.74,189.0,2.0,873.74,1,1,3,113
13298,1,1,360.0,1.0,1.0,360.0,5,1,2,512
13300,169,1,371.89,169.0,1.0,371.89,2,1,2,212
13301,103,4,618.09,103.0,4.0,618.09,2,1,3,213
13304,351,1,300.42,351.0,1.0,300.42,1,1,2,112
13308,22,3,1385.51,22.0,3.0,1385.51,4,1,4,414
13309,7,5,1456.79,7.0,5.0,1456.79,5,1,4,514
13310,28,3,1132.03,28.0,3.0,1132.03,4,1,4,414
13311,4,2,598.57,4.0,2.0,598.57,5,1,3,513
13313,22,5,1555.32,22.0,5.0,1555.32,4,1,4,414
13314,1,3,775.94,1.0,3.0,775.94,5,1,3,513
13318,1,3,640.76,1.0,3.0,640.76,5,1,3,513
13320,78,4,1548.7,78.0,4.0,1548.7,2,1,4,214
13321,72,2,567.36,72.0,2.0,567.36,2,1,3,213
13323,3,5,787.85,3.0,5.0,787.85,5,1,3,513
13325,81,1,675.3,81.0,1.0,675.3,2,1,3,213
13328,316,1,1308.48,316.0,1.0,1308.48,1,1,4,114
13329,31,2,789.0,31.0,2.0,789.0,4,1,3,413
13330,92,3,1140.93,92.0,3.0,1140.93,2,1,4,214
13332,14,1,350.9,14.0,1.0,350.9,4,1,2,412
13336,77,1,795.12,77.0,1.0,795.12,2,1,3,213
13338,157,1,487.02,157.0,1.0,487.02,2,1,3,213
13339,200,1,860.12,200.0,1.0,860.12,1,1,3,113
13341,260,1,775.85,260.0,1.0,775.85,1,1,3,113
13343,177,1,353.43,177.0,1.0,353.43,2,1,2,212
13345,287,1,389.5,287.0,1.0,389.5,1,1,2,112
13347,70,1,341.36,70.0,1.0,341.36,3,1,2,312
13350,16,2,979.12,16.0,2.0,979.12,4,1,4,414
13351,66,1,373.94,66.0,1.0,373.94,3,1,2,312
13352,60,1,397.97999999999996,60.0,1.0,397.97999999999996,3,1,2,312
13354,71,1,743.53,71.0,1.0,743.53,3,1,3,313
13355,122,1,674.7,122.0,1.0,674.7,2,1,3,213
13356,80,1,768.24,80.0,1.0,768.24,2,1,3,213
13357,257,1,609.95,257.0,1.0,609.95,1,1,3,113
13358,268,1,439.03,268.0,1.0,439.03,1,1,2,112
13359,63,1,439.56,63.0,1.0,439.56,3,1,2,312
13363,17,2,992.5,17.0,2.0,992.5,4,1,4,414
13368,256,2,623.4,256.0,2.0,623.4,1,1,3,113
13369,365,1,308.28000000000003,365.0,1.0,308.28000000000003,1,1,2,112
13370,371,1,754.87,368.80999999999995,1.0,754.87,1,1,3,113
13372,89,1,378.64,89.0,1.0,378.64,2,1,2,212
13375,88,1,778.65,88.0,1.0,778.65,2,1,3,213
13376,99,3,1019.76,99.0,3.0,1019.76,2,1,4,214
13379,26,3,572.56,26.0,3.0,572.56,4,1,3,413
13385,329,1,534.57,329.0,1.0,534.57,1,1,3,113
13388,131,2,677.1,131.0,2.0,677.1,2,1,3,213
13389,11,3,797.96,11.0,3.0,797.96,5,1,3,513
13390,74,1,544.08,74.0,1.0,544.08,2,1,3,213
13395,185,1,307.72,185.0,1.0,307.72,1,1,2,112
13396,29,2,1360.99,29.0,2.0,1360.99,4,1,4,414
13397,72,5,1544.13,72.0,5.0,1544.13,2,1,4,214
13398,192,1,457.34,192.0,1.0,457.34,1,1,2,112
13402,127,2,621.23,127.0,2.0,621.23,2,1,3,213
13405,74,3,572.451,74.0,3.0,572.451,2,1,3,213
13410,24,5,1003.06,24.0,5.0,1003.06,4,1,4,414
13414,133,3,1390.5,133.0,3.0,1390.5,2,1,4,214
13416,43,2,712.5,43.0,2.0,712.5,3,1,3,313
13417,4,2,640.83,4.0,2.0,640.83,5,1,3,513
13427,19,3,582.6,19.0,3.0,582.6,4,1,3,413
13429,10,4,1006.8,10.0,4.0,1006.8,5,1,4,514
13430,18,2,679.45,18.0,2.0,679.45,4,1,3,413
13431,67,2,1269.1,67.0,2.0,1269.1,3,1,4,314
13434,74,2,534.24,74.0,2.0,534.24,2,1,3,213
13447,23,3,1129.14,23.0,3.0,1129.14,4,1,4,414
13452,259,2,590.0,259.0,2.0,590.0,1,1,3,113
13453,165,2,356.97999999999996,165.0,2.0,356.97999999999996,2,1,2,212
13455,24,2,1058.34,24.0,2.0,1058.34,4,1,4,414
13461,38,3,1445.0,38.0,3.0,1445.0,3,1,4,314
13464,58,1,674.68,58.0,1.0,674.68,3,1,3,313
13466,184,1,307.9,184.0,1.0,307.9,1,1,2,112
13467,10,2,1083.71,10.0,2.0,1083.71,5,1,4,514
13473,60,2,422.64,60.0,2.0,422.64,3,1,2,312
13475,191,4,1431.78,191.0,4.0,1431.78,1,1,4,114
13476,178,2,1238.47,178.0,2.0,1238.47,2,1,4,214
13477,37,6,1454.58,37.0,6.0,1454.58,3,1,4,314
13479,200,2,300.95,200.0,2.0,300.95,1,1,2,112
13484,241,1,313.8,241.0,1.0,313.8,1,1,2,112
13485,233,1,454.24,233.0,1.0,454.24,1,1,2,112
13486,78,3,1122.41,78.0,3.0,1122.41,2,1,4,214
13487,57,3,575.4,57.0,3.0,575.4,3,1,3,313
13489,105,4,449.52,105.0,4.0,449.52,2,1,2,212
13491,51,10,1215.82,51.0,10.0,1215.82,3,2,4,324
13494,311,1,316.26000000000005,311.0,1.0,316.26000000000005,1,1,2,112
13496,10,2,653.33,10.0,2.0,653.33,5,1,3,513
13497,282,2,348.05,282.0,2.0,348.05,1,1,2,112
13499,17,5,1159.11,17.0,5.0,1159.11,4,1,4,414
13500,23,3,1166.77,23.0,3.0,1166.77,4,1,4,414
13506,316,2,458.52,316.0,2.0,458.52,1,1,2,112
13509,8,7,979.72,8.0,7.0,979.72,5,2,4,524
13515,72,4,891.12,72.0,4.0,891.12,2,1,3,213
13516,21,3,1389.41,21.0,3.0,1389.41,4,1,4,414
13518,85,1,659.4399999999999,85.0,1.0,659.4399999999999,2,1,3,213
13521,1,3,1093.65,1.0,3.0,1093.65,5,1,4,514
13524,40,5,680.1800000000001,40.0,5.0,680.1800000000001,3,1,3,313
13525,14,2,628.78,14.0,2.0,628.78,4,1,3,413
13529,78,2,307.76,78.0,2.0,307.76,2,1,2,212
13531,205,2,483.8,205.0,2.0,483.8,1,1,3,113
13538,43,7,1280.85,43.0,7.0,1280.85,3,2,4,324
13539,85,3,631.34,85.0,3.0,631.34,2,1,3,213
13546,12,3,626.99,12.0,3.0,626.99,5,1,3,513
13548,96,2,682.41,96.0,2.0,682.41,2,1,3,213
13549,25,7,918.2,25.0,7.0,918.2,4,2,4,424
13557,28,2,584.06,28.0,2.0,584.06,4,1,3,413
13558,5,4,605.06,5.0,4.0,605.06,5,1,3,513
13563,84,2,777.53,84.0,2.0,777.53,2,1,3,213
13566,40,2,874.71,40.0,2.0,874.71,3,1,3,313
13569,17,2,373.75,17.0,2.0,373.75,4,1,2,412
13572,205,1,1384.25,205.0,1.0,1384.25,1,1,4,114
13575,23,5,732.0699999999999,23.0,5.0,732.0699999999999,4,1,3,413
13579,14,2,467.04,14.0,2.0,467.04,4,1,3,413
13583,155,1,781.03,155.0,1.0,781.03,2,1,3,213
13587,63,1,712.4,63.0,1.0,712.4,3,1,3,313
13589,14,2,379.65,14.0,2.0,379.65,4,1,2,412
13591,64,3,1117.13,64.0,3.0,1117.13,3,1,4,314
13594,52,1,396.97,52.0,1.0,396.97,3,1,2,312
13596,5,2,697.04,5.0,2.0,697.04,5,1,3,513
13601,45,2,693.32,45.0,2.0,693.32,3,1,3,313
13602,64,1,428.89,64.0,1.0,428.89,3,1,2,312
13607,40,1,678.01,40.0,1.0,678.01,3,1,3,313
13610,12,7,1131.88,12.0,7.0,1131.88,5,2,4,524
13611,89,3,1171.8,89.0,3.0,1171.8,2,1,4,214
13615,318,1,417.69,318.0,1.0,417.69,1,1,2,112
13617,40,3,544.18,40.0,3.0,544.18,3,1,3,313
13623,30,5,747.78,30.0,5.0,747.78,4,1,3,413
13634,33,5,1575.16,33.0,5.0,1575.16,3,1,4,314
13635,67,1,1071.03,67.0,1.0,1071.03,3,1,4,314
13636,36,5,949.12,36.0,5.0,949.12,3,1,4,314
13637,52,3,810.5,52.0,3.0,810.5,3,1,3,313
13639,74,1,1033.34,74.0,1.0,1033.34,2,1,4,214
13642,215,1,354.8,215.0,1.0,354.8,1,1,2,112
13643,31,3,519.44,31.0,3.0,519.44,4,1,3,413
13649,256,2,346.6,256.0,2.0,346.6,1,1,2,112
13652,45,3,1095.08,45.0,3.0,1095.08,3,1,4,314
13655,114,2,932.97,114.0,2.0,932.97,2,1,4,214
13656,164,2,379.65,164.0,2.0,379.65,2,1,2,212
13657,10,2,382.14,10.0,2.0,382.14,5,1,2,512
13659,205,2,1573.2,205.0,2.0,1573.2,1,1,4,114
13662,85,3,897.76,85.0,3.0,897.76,2,1,4,214
13667,149,1,305.02,149.0,1.0,305.02,2,1,2,212
13670,75,1,349.7,75.0,1.0,349.7,2,1,2,212
13673,18,2,396.92,18.0,2.0,396.92,4,1,2,412
13675,151,2,486.82000000000005,151.0,2.0,486.82000000000005,2,1,3,213
13681,17,4,827.83,17.0,4.0,827.83,4,1,3,413
13689,63,1,910.0,63.0,1.0,910.0,3,1,4,314
13692,24,3,1488.32,24.0,3.0,1488.32,4,1,4,414
13699,155,1,308.58000000000004,155.0,1.0,308.58000000000004,2,1,2,212
13705,7,3,711.86,7.0,3.0,711.86,5,1,3,513
13706,302,1,330.79,302.0,1.0,330.79,1,1,2,112
13707,267,2,806.41,267.0,2.0,806.41,1,1,3,113
13715,281,5,1079.34,281.0,5.0,1079.34,1,1,4,114
13717,32,6,1445.01,32.0,6.0,1445.01,4,1,4,414
13718,246,2,306.55,246.0,2.0,306.55,1,1,2,112
13719,15,5,1041.68,15.0,5.0,1041.68,4,1,4,414
13720,116,4,799.9,116.0,4.0,799.9,2,1,3,213
13721,36,1,524.14,36.0,1.0,524.14,3,1,3,313
13726,38,2,1079.6599999999999,38.0,2.0,1079.6599999999999,3,1,4,314
13727,28,2,333.48,28.0,2.0,333.48,4,1,2,412
13728,36,6,1016.14,36.0,6.0,1016.14,3,1,4,314
13730,135,2,752.6,135.0,2.0,752.6,2,1,3,213
13731,219,2,610.59,219.0,2.0,610.59,1,1,3,113
13732,28,1,491.86,28.0,1.0,491.86,4,1,3,413
13736,5,2,731.9,5.0,2.0,731.9,5,1,3,513
13737,200,1,339.59999999999997,200.0,1.0,339.59999999999997,1,1,2,112
13740,240,1,350.75,240.0,1.0,350.75,1,1,2,112
13741,71,3,668.4300000000001,71.0,3.0,668.4300000000001,3,1,3,313
13743,2,7,1341.6,2.0,7.0,1341.6,5,2,4,524
13744,95,2,1156.36,95.0,2.0,1156.36,2,1,4,214
13748,95,5,948.25,95.0,5.0,948.25,2,1,4,214
13752,124,6,1186.28,124.0,6.0,1186.28,2,1,4,214
13753,287,1,741.26,287.0,1.0,741.26,1,1,3,113
13759,33,2,659.4100000000001,33.0,2.0,659.4100000000001,3,1,3,313
13761,50,2,1070.65,50.0,2.0,1070.65,3,1,4,314
13762,218,1,306.72,218.0,1.0,306.72,1,1,2,112
13764,70,3,1521.76,70.0,3.0,1521.76,3,1,4,314
13772,33,3,1132.13,33.0,3.0,1132.13,3,1,4,314
13774,81,1,345.0,81.0,1.0,345.0,2,1,2,212
13780,7,2,360.01,7.0,2.0,360.01,5,1,2,512
13782,12,6,912.0,12.0,6.0,912.0,5,1,4,514
13787,75,2,309.04,75.0,2.0,309.04,2,1,2,212
13790,4,1,348.8,4.0,1.0,348.8,5,1,2,512
13791,127,2,1516.0,127.0,2.0,1516.0,2,1,4,214
13799,116,2,688.86,116.0,2.0,688.86,2,1,3,213
13800,309,1,558.32,309.0,1.0,558.32,1,1,3,113
13801,66,1,324.8,66.0,1.0,324.8,3,1,2,312
13805,52,2,924.6,52.0,2.0,924.6,3,1,4,314
13819,301,3,1140.35,301.0,3.0,1140.35,1,1,4,114
13821,144,2,385.64,144.0,2.0,385.64,2,1,2,212
13822,5,2,632.0,5.0,2.0,632.0,5,1,3,513
13823,18,2,957.66,18.0,2.0,957.66,4,1,4,414
13827,57,3,412.05,57.0,3.0,412.05,3,1,2,312
13833,159,1,384.8,159.0,1.0,384.8,2,1,2,212
13835,25,4,834.57,25.0,4.0,834.57,4,1,3,413
13838,5,4,691.73,5.0,4.0,691.73,5,1,3,513
13844,11,1,361.62,11.0,1.0,361.62,5,1,2,512
13845,64,1,312.98,64.0,1.0,312.98,3,1,2,312
13846,24,3,865.0600000000001,24.0,3.0,865.0600000000001,4,1,3,413
13848,92,3,1255.0,92.0,3.0,1255.0,2,1,4,214
13849,51,2,1537.95,51.0,2.0,1537.95,3,1,4,314
13853,57,1,1090.14,57.0,1.0,1090.14,3,1,4,314
13856,168,3,388.5,168.0,3.0,388.5,2,1,2,212
13860,1,5,1245.9,1.0,5.0,1245.9,5,1,4,514
13863,247,1,305.78,247.0,1.0,305.78,1,1,2,112
13865,58,4,501.56,58.0,4.0,501.56,3,1,3,313
13867,31,3,1015.29,31.0,3.0,1015.29,4,1,4,414
13873,119,3,389.6,119.0,3.0,389.6,2,1,2,212
13874,358,1,540.45,358.0,1.0,540.45,1,1,3,113
13878,54,1,1281.53,54.0,1.0,1281.53,3,1,4,314
13882,2,5,1191.13,2.0,5.0,1191.13,5,1,4,514
13884,7,5,787.6,7.0,5.0,787.6,5,1,3,513
13885,189,2,506.8,189.0,2.0,506.8,1,1,3,113
13887,204,1,349.55,204.0,1.0,349.55,1,1,2,112
13888,119,2,605.63,119.0,2.0,605.63,2,1,3,213
13889,92,1,416.90000000000003,92.0,1.0,416.90000000000003,2,1,2,212
13892,26,4,632.97,26.0,4.0,632.97,4,1,3,413
13893,297,1,821.1,297.0,1.0,821.1,1,1,3,113
13894,23,3,564.62,23.0,3.0,564.62,4,1,3,413
13897,50,1,311.16,50.0,1.0,311.16,3,1,2,312
13899,16,2,388.52,16.0,2.0,388.52,4,1,2,412
13900,183,3,740.95,183.0,3.0,740.95,1,1,3,113
13904,37,2,332.64,37.0,2.0,332.64,3,1,2,312
13914,11,2,626.45,11.0,2.0,626.45,5,1,3,513
13918,49,2,1212.8400000000001,49.0,2.0,1212.8400000000001,3,1,4,314
13923,53,1,351.13,53.0,1.0,351.13,3,1,2,312
13925,92,4,678.25,92.0,4.0,678.25,2,1,3,213
13927,74,1,348.99,74.0,1.0,348.99,2,1,2,212
13928,10,4,464.57,10.0,4.0,464.57,5,1,2,512
13929,169,2,842.65,169.0,2.0,842.65,2,1,3,213
13930,57,2,337.34,57.0,2.0,337.34,3,1,2,312
13931,95,2,1237.53,95.0,2.0,1237.53,2,1,4,214
13932,294,1,307.4,294.0,1.0,307.4,1,1,2,112
13933,109,2,608.7900000000001,109.0,2.0,608.7900000000001,2,1,3,213
13934,263,1,922.1,263.0,1.0,922.1,1,1,4,114
13936,179,1,376.58,179.0,1.0,376.58,1,1,2,112
13939,23,3,568.55,23.0,3.0,568.55,4,1,3,413
13940,17,4,839.14,17.0,4.0,839.14,4,1,3,413
13946,79,3,561.5699999999999,79.0,3.0,561.5699999999999,2,1,3,213
13950,11,4,745.06,11.0,4.0,745.06,5,1,3,513
13951,176,3,674.45,176.0,3.0,674.45,2,1,3,213
13954,1,2,439.92,1.0,2.0,439.92,5,1,2,512
13955,154,2,322.96,154.0,2.0,322.96,2,1,2,212
13956,5,5,1026.42,5.0,5.0,1026.42,5,1,4,514
13959,79,3,598.2,79.0,3.0,598.2,2,1,3,213
13963,308,4,664.54,308.0,4.0,664.54,1,1,3,113
13974,49,1,413.59000000000003,49.0,1.0,413.59000000000003,3,1,2,312
13976,206,1,357.98,206.0,1.0,357.98,1,1,2,112
13979,73,1,869.87,73.0,1.0,869.87,2,1,3,213
13984,26,5,920.51,26.0,5.0,920.51,4,1,4,414
13986,17,1,320.46,17.0,1.0,320.46,4,1,2,412
13989,65,2,1266.08,65.0,2.0,1266.08,3,1,4,314
13990,213,1,311.3,213.0,1.0,311.3,1,1,2,112
13991,12,6,855.97,12.0,6.0,855.97,5,1,3,513
13995,15,5,1393.69,15.0,5.0,1393.69,4,1,4,414
14000,211,1,635.66,211.0,1.0,635.66,1,1,3,113
14002,134,2,529.73,134.0,2.0,529.73,2,1,3,213
14006,115,3,962.19,115.0,3.0,962.19,2,1,4,214
14009,198,2,695.61,198.0,2.0,695.61,1,1,3,113
14012,277,1,328.8,277.0,1.0,328.8,1,1,2,112
14013,110,3,473.02,110.0,3.0,473.02,2,1,3,213
14014,77,1,505.18,77.0,1.0,505.18,2,1,3,213
14015,52,1,917.34,52.0,1.0,917.34,3,1,4,314
14019,46,3,1421.61,46.0,3.0,1421.61,3,1,4,314
14020,16,2,642.8,16.0,2.0,642.8,4,1,3,413
14021,155,3,631.9,155.0,3.0,631.9,2,1,3,213
14022,225,1,440.0,225.0,1.0,440.0,1,1,2,112
14023,7,2,584.07,7.0,2.0,584.07,5,1,3,513
14024,121,2,327.7,121.0,2.0,327.7,2,1,2,212
14029,63,2,467.66,63.0,2.0,467.66,3,1,3,313
14034,22,3,651.8199999999999,22.0,3.0,651.8199999999999,4,1,3,413
14035,28,5,1428.02,28.0,5.0,1428.02,4,1,4,414
14036,284,1,626.65,284.0,1.0,626.65,1,1,3,113
14038,78,3,1560.38,78.0,3.0,1560.38,2,1,4,214
14044,26,4,652.82,26.0,4.0,652.82,4,1,3,413
14047,8,5,1308.6100000000001,8.0,5.0,1308.6100000000001,5,1,4,514
14048,305,1,409.93,305.0,1.0,409.93,1,1,2,112
14050,31,2,746.36,31.0,2.0,746.36,4,1,3,413
14055,106,1,725.6400000000001,106.0,1.0,725.6400000000001,2,1,3,213
14064,29,5,1353.74,29.0,5.0,1353.74,4,1,4,414
14067,63,2,374.7,63.0,2.0,374.7,3,1,2,312
14071,3,8,1438.82,3.0,8.0,1438.82,5,2,4,524
14075,4,3,942.26,4.0,3.0,942.26,5,1,4,514
14077,40,5,499.41999999999996,40.0,5.0,499.41999999999996,3,1,3,313
14078,101,6,1049.37,101.0,6.0,1049.37,2,1,4,214
14079,124,1,375.1,124.0,1.0,375.1,2,1,2,212
14081,302,2,934.52,302.0,2.0,934.52,1,1,4,114
14083,4,9,1018.43,4.0,9.0,1018.43,5,2,4,524
14093,12,1,442.85,12.0,1.0,442.85,5,1,2,512
14102,5,5,1360.28,5.0,5.0,1360.28,5,1,4,514
14105,239,1,1266.23,239.0,1.0,1266.23,1,1,4,114
14108,30,2,597.91,30.0,2.0,597.91,4,1,3,413
14111,14,4,692.85,14.0,4.0,692.85,4,1,3,413
14114,273,2,386.53,273.0,2.0,386.53,1,1,2,112
14116,19,5,1382.74,19.0,5.0,1382.74,4,1,4,414
14124,84,1,419.58000000000004,84.0,1.0,419.58000000000004,2,1,2,212
14126,7,3,706.1300000000001,7.0,3.0,706.1300000000001,5,1,3,513
14127,122,3,709.71,122.0,3.0,709.71,2,1,3,213
14128,60,2,637.5,60.0,2.0,637.5,3,1,3,313
14129,1,5,1123.8600000000001,1.0,5.0,1123.8600000000001,5,1,4,514
14130,319,1,483.86,319.0,1.0,483.86,1,1,3,113
14133,129,3,605.64,129.0,3.0,605.64,2,1,3,213
14138,1,2,982.3800000000001,1.0,2.0,982.3800000000001,5,1,4,514
14139,46,1,415.82,46.0,1.0,415.82,3,1,2,312
14140,3,2,935.05,3.0,2.0,935.05,5,1,4,514
14141,2,4,915.13,2.0,4.0,915.13,5,1,4,514
14142,373,1,311.81,368.80999999999995,1.0,311.81,1,1,2,112
14147,78,2,483.4,78.0,2.0,483.4,2,1,3,213
14149,220,1,446.62,220.0,1.0,446.62,1,1,2,112
14150,35,2,658.64,35.0,2.0,658.64,3,1,3,313
14152,75,2,621.29,75.0,2.0,621.29,2,1,3,213
14154,239,2,1345.62,239.0,2.0,1345.62,1,1,4,114
14157,19,2,432.88,19.0,2.0,432.88,4,1,2,412
14158,40,1,507.66,40.0,1.0,507.66,3,1,3,313
14161,215,3,1110.52,215.0,3.0,1110.52,1,1,4,114
14167,39,4,574.84,39.0,4.0,574.84,3,1,3,313
14171,98,1,363.79,98.0,1.0,363.79,2,1,2,212
14173,10,4,450.84,10.0,4.0,450.84,5,1,2,512
14176,297,4,576.9000000000001,297.0,4.0,576.9000000000001,1,1,3,113
14177,86,4,559.41,86.0,4.0,559.41,2,1,3,213
14179,40,2,719.78,40.0,2.0,719.78,3,1,3,313
14184,66,1,452.89,66.0,1.0,452.89,3,1,2,312
14193,67,2,853.39,67.0,2.0,853.39,3,1,3,313
14195,201,2,1012.0,201.0,2.0,1012.0,1,1,4,114
14196,106,1,335.52,106.0,1.0,335.52,2,1,2,212
14198,18,4,701.4,18.0,4.0,701.4,4,1,3,413
14201,60,7,747.44,60.0,7.0,747.44,3,2,3,323
14205,16,2,466.7,16.0,2.0,466.7,4,1,3,413
14206,239,1,328.15999999999997,239.0,1.0,328.15999999999997,1,1,2,112
14212,89,1,1070.48,89.0,1.0,1070.48,2,1,4,214
14214,30,5,1004.38,30.0,5.0,1004.38,4,1,4,414
14220,247,2,632.4,247.0,2.0,632.4,1,1,3,113
14222,177,1,683.17,177.0,1.0,683.17,2,1,3,213
14223,92,3,991.13,92.0,3.0,991.13,2,1,4,214
14224,110,4,1050.12,110.0,4.0,1050.12,2,1,4,214
14229,51,3,1547.2,51.0,3.0,1547.2,3,1,4,314
14231,183,3,925.71,183.0,3.0,925.71,1,1,4,114
14233,49,4,1462.72,49.0,4.0,1462.72,3,1,4,314
14234,22,4,775.46,22.0,4.0,775.46,4,1,3,413
14236,80,2,490.86,80.0,2.0,490.86,2,1,3,213
14240,30,2,890.34,30.0,2.0,890.34,4,1,3,413
14246,110,3,1474.06,110.0,3.0,1474.06,2,1,4,214
14248,318,1,302.58,318.0,1.0,302.58,1,1,2,112
14256,260,2,969.0600000000001,260.0,2.0,969.0600000000001,1,1,4,114
14261,50,2,1163.45,50.0,2.0,1163.45,3,1,4,314
14264,154,2,333.97,154.0,2.0,333.97,2,1,2,212
14267,162,3,1516.24,162.0,3.0,1516.24,2,1,4,214
14270,331,1,492.65000000000003,331.0,1.0,492.65000000000003,1,1,3,113
14272,73,2,437.96,73.0,2.0,437.96,2,1,2,212
14273,51,4,559.97,51.0,4.0,559.97,3,1,3,313
14276,98,3,1119.74,98.0,3.0,1119.74,2,1,4,214
14284,30,2,595.25,30.0,2.0,595.25,4,1,3,413
14288,213,1,426.6,213.0,1.0,426.6,1,1,2,112
14289,8,6,911.26,8.0,6.0,911.26,5,1,4,514
14293,3,4,1046.56,3.0,4.0,1046.56,5,1,4,514
14297,17,4,1305.33,17.0,4.0,1305.33,4,1,4,414
14301,117,1,640.14,117.0,1.0,640.14,2,1,3,213
14304,222,1,383.45,222.0,1.0,383.45,1,1,2,112
14311,242,1,310.26,242.0,1.0,310.26,1,1,2,112
14317,64,1,508.58000000000004,64.0,1.0,508.58000000000004,3,1,3,313
14320,206,2,477.79,206.0,2.0,477.79,1,1,3,113
14321,10,5,1530.75,10.0,5.0,1530.75,5,1,4,514
14323,114,2,605.0600000000001,114.0,2.0,605.0600000000001,2,1,3,213
14327,163,1,311.65,163.0,1.0,311.65,2,1,2,212
14331,124,2,462.65999999999997,124.0,2.0,462.65999999999997,2,1,2,212
14332,22,3,866.31,22.0,3.0,866.31,4,1,3,413
14333,67,1,415.2,67.0,1.0,415.2,3,1,2,312
14338,161,2,588.22,161.0,2.0,588.22,2,1,3,213
14339,242,1,309.52,242.0,1.0,309.52,1,1,2,112
14342,21,4,668.5600000000001,21.0,4.0,668.5600000000001,4,1,3,413
14344,127,8,889.9300000000001,127.0,8.0,889.9300000000001,2,2,3,223
14346,120,2,1021.58,120.0,2.0,1021.58,2,1,4,214
14348,260,1,409.57,260.0,1.0,409.57,1,1,2,112
14352,157,4,1078.96,157.0,4.0,1078.96,2,1,4,214
14356,79,2,701.23,79.0,2.0,701.23,2,1,3,213
14359,19,3,912.18,19.0,3.0,912.18,4,1,4,414
14377,191,2,617.05,191.0,2.0,617.05,1,1,3,113
14379,44,2,348.1,44.0,2.0,348.1,3,1,2,312
14382,26,1,626.0699999999999,26.0,1.0,626.0699999999999,4,1,3,413
14383,38,3,1247.69,38.0,3.0,1247.69,3,1,4,314
14389,65,2,1043.46,65.0,2.0,1043.46,3,1,4,314
14396,65,2,487.99,65.0,2.0,487.99,3,1,3,313
14400,149,1,574.7,149.0,1.0,574.7,2,1,3,213
14403,130,4,1475.81,130.0,4.0,1475.81,2,1,4,214
14404,33,6,1474.32,33.0,6.0,1474.32,3,1,4,314
14410,92,9,1105.07,92.0,9.0,1105.07,2,2,4,224
14411,310,1,1063.0,310.0,1.0,1063.0,1,1,4,114
14412,42,2,770.03,42.0,2.0,770.03,3,1,3,313
14414,91,7,1496.98,91.0,7.0,1496.98,2,2,4,224
14416,22,2,490.22,22.0,2.0,490.22,4,1,3,413
14419,10,6,1058.06,10.0,6.0,1058.06,5,1,4,514
14420,99,1,387.52,99.0,1.0,387.52,2,1,2,212
14421,57,2,813.11,57.0,2.0,813.11,3,1,3,313
14424,17,1,322.08,17.0,1.0,322.08,4,1,2,412
14427,50,2,363.34000000000003,50.0,2.0,363.34000000000003,3,1,2,312
14428,7,5,1244.83,7.0,5.0,1244.83,5,1,4,514
14431,302,1,470.36,302.0,1.0,470.36,1,1,3,113
14434,21,6,1372.8,21.0,6.0,1372.8,4,1,4,414
14443,53,4,1420.2,53.0,4.0,1420.2,3,1,4,314
14446,0,4,1039.58,0.0,4.0,1039.58,5,1,4,514
14447,18,5,1163.23,18.0,5.0,1163.23,4,1,4,414
14448,9,2,375.35,9.0,2.0,375.35,5,1,2,512
14449,18,4,907.1,18.0,4.0,907.1,4,1,4,414
14450,180,3,483.25,180.0,3.0,483.25,1,1,3,113
14451,60,2,662.59,60.0,2.0,662.59,3,1,3,313
14460,110,3,434.34,110.0,3.0,434.34,2,1,2,212
14463,98,3,529.62,98.0,3.0,529.62,2,1,3,213
14465,246,3,1058.6200000000001,246.0,3.0,1058.6200000000001,1,1,4,114
14467,17,4,598.76,17.0,4.0,598.76,4,1,3,413
14470,11,2,461.19,11.0,2.0,461.19,5,1,2,512
14474,46,1,547.66,46.0,1.0,547.66,3,1,3,313
14475,71,3,925.85,71.0,3.0,925.85,3,1,4,314
14477,19,4,1309.6,19.0,4.0,1309.6,4,1,4,414
14479,253,2,316.25,253.0,2.0,316.25,1,1,2,112
14481,164,2,636.51,164.0,2.0,636.51,2,1,3,213
14484,50,1,321.92,50.0,1.0,321.92,3,1,2,312
14487,26,6,1196.33,26.0,6.0,1196.33,4,1,4,414
14488,67,1,1064.28,67.0,1.0,1064.28,3,1,4,314
14489,207,1,463.38,207.0,1.0,463.38,1,1,2,112
14491,175,2,340.93,175.0,2.0,340.93,2,1,2,212
14496,311,2,538.8100000000001,311.0,2.0,538.8100000000001,1,1,3,113
14497,309,1,475.37,309.0,1.0,475.37,1,1,3,113
14499,26,3,815.32,26.0,3.0,815.32,4,1,3,413
14500,88,3,356.85,88.0,3.0,356.85,2,1,2,212
14504,47,4,673.26,47.0,4.0,673.26,3,1,3,313
14507,23,6,1383.18,23.0,6.0,1383.18,4,1,4,414
14511,11,5,1314.81,11.0,5.0,1314.81,5,1,4,514
14513,100,3,455.59000000000003,100.0,3.0,455.59000000000003,2,1,2,212
14514,61,3,1055.35,61.0,3.0,1055.35,3,1,4,314
14517,33,2,330.45,33.0,2.0,330.45,3,1,2,312
14522,24,4,974.54,24.0,4.0,974.54,4,1,4,414
14528,37,1,364.21999999999997,37.0,1.0,364.21999999999997,3,1,2,312
14529,60,3,620.04,60.0,3.0,620.04,3,1,3,313
14532,236,4,932.85,236.0,4.0,932.85,1,1,4,114
14537,57,1,355.56,57.0,1.0,355.56,3,1,2,312
14538,64,2,388.25,64.0,2.0,388.25,3,1,2,312
14539,15,2,537.48,15.0,2.0,537.48,4,1,3,413
14540,9,3,996.26,9.0,3.0,996.26,5,1,4,514
14541,58,8,1461.65,58.0,8.0,1461.65,3,2,4,324
14548,150,2,652.8,150.0,2.0,652.8,2,1,3,213
14550,10,2,765.62,10.0,2.0,765.62,5,1,3,513
14553,19,5,859.27,19.0,5.0,859.27,4,1,3,413
14555,57,2,324.14,57.0,2.0,324.14,3,1,2,312
14557,85,1,788.38,85.0,1.0,788.38,2,1,3,213
14561,75,3,1080.76,75.0,3.0,1080.76,2,1,4,214
14567,56,2,1530.3600000000001,56.0,2.0,1530.3600000000001,3,1,4,314
14577,12,4,859.71,12.0,4.0,859.71,5,1,3,513
14583,5,5,1052.55,5.0,5.0,1052.55,5,1,4,514
14584,169,4,1042.26,169.0,4.0,1042.26,2,1,4,214
14591,15,4,1447.14,15.0,4.0,1447.14,4,1,4,414
14592,35,3,570.46,35.0,3.0,570.46,3,1,3,313
14593,21,3,617.99,21.0,3.0,617.99,4,1,3,413
14594,7,2,379.83,7.0,2.0,379.83,5,1,2,512
14597,11,2,883.15,11.0,2.0,883.15,5,1,3,513
14600,305,1,393.33000000000004,305.0,1.0,393.33000000000004,1,1,2,112
14603,274,1,660.0,274.0,1.0,660.0,1,1,3,113
14609,72,4,601.56,72.0,4.0,601.56,2,1,3,213
14616,242,3,406.08000000000004,242.0,3.0,406.08000000000004,1,1,2,112
14618,9,3,553.44,9.0,3.0,553.44,5,1,3,513
14619,245,1,394.44,245.0,1.0,394.44,1,1,2,112
14620,205,2,412.78000000000003,205.0,2.0,412.78000000000003,1,1,2,112
14622,184,1,320.58000000000004,184.0,1.0,320.58000000000004,1,1,2,112
14623,32,5,889.25,32.0,5.0,889.25,4,1,3,413
14625,196,2,899.63,196.0,2.0,899.63,1,1,4,114
14628,91,2,671.96,91.0,2.0,671.96,2,1,3,213
14629,4,2,959.01,4.0,2.0,959.01,5,1,4,514
14631,50,3,1006.98,50.0,3.0,1006.98,3,1,4,314
14633,266,1,344.90000000000003,266.0,1.0,344.90000000000003,1,1,2,112
14636,36,2,609.85,36.0,2.0,609.85,3,1,3,313
14638,50,1,443.6,50.0,1.0,443.6,3,1,2,312
14643,170,2,693.8100000000001,170.0,2.0,693.8100000000001,2,1,3,213
14644,67,2,830.76,67.0,2.0,830.76,3,1,3,313
14645,156,2,597.09,156.0,2.0,597.09,2,1,3,213
14649,4,4,1417.29,4.0,4.0,1417.29,5,1,4,514
14651,67,2,654.6,67.0,2.0,654.6,3,1,3,313
14657,17,4,848.22,17.0,4.0,848.22,4,1,3,413
14662,28,4,771.17,28.0,4.0,771.17,4,1,3,413
14664,19,2,637.89,19.0,2.0,637.89,4,1,3,413
14669,241,3,1269.99,241.0,3.0,1269.99,1,1,4,114
14670,280,2,411.53,280.0,2.0,411.53,1,1,2,112
14672,234,2,765.55,234.0,2.0,765.55,1,1,3,113
14675,16,1,604.75,16.0,1.0,604.75,4,1,3,413
14681,71,3,498.95,71.0,3.0,498.95,3,1,3,313
14684,25,5,1236.28,25.0,5.0,1236.28,4,1,4,414
14687,106,1,628.38,106.0,1.0,628.38,2,1,3,213
14690,44,2,371.7,44.0,2.0,371.7,3,1,2,312
14692,137,4,591.55,137.0,4.0,591.55,2,1,3,213
14698,1,5,1250.76,1.0,5.0,1250.76,5,1,4,514
14703,14,1,318.17,14.0,1.0,318.17,4,1,2,412
14704,11,9,1546.91,11.0,9.0,1546.91,5,2,4,524
14708,2,3,1126.37,2.0,3.0,1126.37,5,1,4,514
14710,14,4,606.13,14.0,4.0,606.13,4,1,3,413
14712,29,3,917.07,29.0,3.0,917.07,4,1,4,414
14715,24,4,867.38,24.0,4.0,867.38,4,1,3,413
14716,43,2,329.68,43.0,2.0,329.68,3,1,2,312
14720,5,3,663.81,5.0,3.0,663.81,5,1,3,513
14723,10,6,1158.3,10.0,6.0,1158.3,5,1,4,514
14725,24,1,718.08,24.0,1.0,718.08,4,1,3,413
14729,373,1,313.49,368.80999999999995,1.0,313.49,1,1,2,112
14731,47,3,380.02,47.0,3.0,380.02,3,1,2,312
14737,3,3,1164.55,3.0,3.0,1164.55,5,1,4,514
14738,42,7,1314.45,42.0,7.0,1314.45,3,2,4,324
14740,197,3,1448.21,197.0,3.0,1448.21,1,1,4,114
14741,11,6,1400.34,11.0,6.0,1400.34,5,1,4,514
14744,16,7,1099.98,16.0,7.0,1099.98,4,2,4,424
14745,112,5,1220.26,112.0,5.0,1220.26,2,1,4,214
14747,249,1,328.2,249.0,1.0,328.2,1,1,2,112
14748,29,5,1415.75,29.0,5.0,1415.75,4,1,4,414
14752,43,1,389.64,43.0,1.0,389.64,3,1,2,312
14753,87,1,563.15,87.0,1.0,563.15,2,1,3,213
14754,44,2,638.05,44.0,2.0,638.05,3,1,3,313
14756,15,1,738.96,15.0,1.0,738.96,4,1,3,413
14757,75,1,420.5,75.0,1.0,420.5,2,1,2,212
14758,144,4,1484.06,144.0,4.0,1484.06,2,1,4,214
14762,263,1,300.52,263.0,1.0,300.52,1,1,2,112
14770,232,2,876.42,232.0,2.0,876.42,1,1,3,113
14775,58,3,1011.9,58.0,3.0,1011.9,3,1,4,314
14778,127,2,730.86,127.0,2.0,730.86,2,1,3,213
14779,280,3,386.15,280.0,3.0,386.15,1,1,2,112
14780,54,2,447.68,54.0,2.0,447.68,3,1,2,312
14788,7,2,679.4399999999999,7.0,2.0,679.4399999999999,5,1,3,513
14790,16,4,745.06,16.0,4.0,745.06,4,1,3,413
14794,2,7,1319.91,2.0,7.0,1319.91,5,2,4,524
14803,162,3,845.55,162.0,3.0,845.55,2,1,3,213
14804,8,1,353.27,8.0,1.0,353.27,5,1,2,512
14805,15,4,554.65,15.0,4.0,554.65,4,1,3,413
14815,36,2,778.5,36.0,2.0,778.5,3,1,3,313
14817,200,2,1110.34,200.0,2.0,1110.34,1,1,4,114
14818,73,3,657.8,73.0,3.0,657.8,2,1,3,213
14820,21,4,507.29,21.0,4.0,507.29,4,1,3,413
14823,180,3,321.43,180.0,3.0,321.43,1,1,2,112
14824,10,4,1127.71,10.0,4.0,1127.71,5,1,4,514
14829,29,4,697.55,29.0,4.0,697.55,4,1,3,413
14847,148,1,309.4,148.0,1.0,309.4,2,1,2,212
14850,311,1,325.75,311.0,1.0,325.75,1,1,2,112
14851,23,2,511.35,23.0,2.0,511.35,4,1,3,413
14853,24,2,475.8,24.0,2.0,475.8,4,1,3,413
14855,119,2,645.65,119.0,2.0,645.65,2,1,3,213
14856,36,3,1311.3799999999999,36.0,3.0,1311.3799999999999,3,1,4,314
14857,59,2,1173.12,59.0,2.0,1173.12,3,1,4,314
14859,12,4,1353.74,12.0,4.0,1353.74,5,1,4,514
14862,25,2,841.1999999999999,25.0,2.0,841.1999999999999,4,1,3,413
14867,185,3,710.28,185.0,3.0,710.28,1,1,3,113
14869,8,2,725.7,8.0,2.0,725.7,5,1,3,513
14870,261,1,327.25,261.0,1.0,327.25,1,1,2,112
14871,3,4,522.38,3.0,4.0,522.38,5,1,3,513
14873,210,1,519.68,210.0,1.0,519.68,1,1,3,113
14875,107,2,1465.3200000000002,107.0,2.0,1465.3200000000002,2,1,4,214
14878,12,9,1485.54,12.0,9.0,1485.54,5,2,4,524
14880,77,3,706.19,77.0,3.0,706.19,2,1,3,213
14882,26,2,589.7,26.0,2.0,589.7,4,1,3,413
14883,18,6,761.59,18.0,6.0,761.59,4,1,3,413
14885,131,1,765.3199999999999,131.0,1.0,765.3199999999999,2,1,3,213
14886,252,1,364.8,252.0,1.0,364.8,1,1,2,112
14888,207,1,369.2,207.0,1.0,369.2,1,1,2,112
14891,148,2,554.38,148.0,2.0,554.38,2,1,3,213
14893,9,2,1237.8500000000001,9.0,2.0,1237.8500000000001,5,1,4,514
14894,85,1,655.75,85.0,1.0,655.75,2,1,3,213
14896,204,2,468.77000000000004,204.0,2.0,468.77000000000004,1,1,3,113
14897,7,4,1366.38,7.0,4.0,1366.38,5,1,4,514
14898,23,6,1303.52,23.0,6.0,1303.52,4,1,4,414
14901,11,9,1421.29,11.0,9.0,1421.29,5,2,4,524
14902,25,1,332.66,25.0,1.0,332.66,4,1,2,412
14904,2,2,1025.44,2.0,2.0,1025.44,5,1,4,514
14905,157,2,616.15,157.0,2.0,616.15,2,1,3,213
14910,2,4,434.35,2.0,4.0,434.35,5,1,2,512
14913,35,4,1227.43,35.0,4.0,1227.43,3,1,4,314
14915,91,2,307.48,91.0,2.0,307.48,2,1,2,212
14916,70,4,1268.98,70.0,4.0,1268.98,3,1,4,314
14920,212,2,977.77,212.0,2.0,977.77,1,1,4,114
14921,30,2,1316.07,30.0,2.0,1316.07,4,1,4,414
14923,50,1,749.1,50.0,1.0,749.1,3,1,3,313
14924,245,1,310.05,245.0,1.0,310.05,1,1,2,112
14948,23,6,1101.97,23.0,6.0,1101.97,4,1,4,414
14950,19,1,371.2,19.0,1.0,371.2,4,1,2,412
14951,79,1,311.69,79.0,1.0,311.69,2,1,2,212
14954,12,1,336.17,12.0,1.0,336.17,5,1,2,512
14958,147,3,499.68,147.0,3.0,499.68,2,1,3,213
14959,64,4,695.42,64.0,4.0,695.42,3,1,3,313
14963,9,5,1487.8,9.0,5.0,1487.8,5,1,4,514
14965,96,2,599.0,96.0,2.0,599.0,2,1,3,213
14967,49,1,463.8,49.0,1.0,463.8,3,1,2,312
14971,35,3,1116.57,35.0,3.0,1116.57,3,1,4,314
14973,107,3,1314.45,107.0,3.0,1314.45,2,1,4,214
14976,57,7,790.86,57.0,7.0,790.86,3,2,3,323
14987,15,2,326.4,15.0,2.0,326.4,4,1,2,412
14988,211,1,334.54,211.0,1.0,334.54,1,1,2,112
14997,46,3,546.1999999999999,46.0,3.0,546.1999999999999,3,1,3,313
14998,170,2,429.87,170.0,2.0,429.87,2,1,2,212
15000,47,1,490.52,47.0,1.0,490.52,3,1,3,313
15004,147,1,1246.32,147.0,1.0,1246.32,2,1,4,214
15006,51,1,502.09,51.0,1.0,502.09,3,1,3,313
15009,12,3,1261.78,12.0,3.0,1261.78,5,1,4,514
15010,35,1,308.94,35.0,1.0,308.94,3,1,2,312
15012,53,2,423.04,53.0,2.0,423.04,3,1,2,312
15018,38,3,496.21000000000004,38.0,3.0,496.21000000000004,3,1,3,313
15022,11,4,905.04,11.0,4.0,905.04,5,1,4,514
15025,33,1,377.01,33.0,1.0,377.01,3,1,2,312
15026,80,3,469.0,80.0,3.0,469.0,2,1,3,213
15027,30,4,1066.1499999999999,30.0,4.0,1066.1499999999999,4,1,4,414
15028,8,4,627.13,8.0,4.0,627.13,5,1,3,513
15030,71,2,518.28,71.0,2.0,518.28,3,1,3,313
15031,4,4,668.14,4.0,4.0,668.14,5,1,3,513
15036,72,3,465.55,72.0,3.0,465.55,2,1,2,212
15038,58,6,705.49,58.0,6.0,705.49,3,1,3,313
15043,31,1,537.0,31.0,1.0,537.0,4,1,3,413
15045,151,2,735.66,151.0,2.0,735.66,2,1,3,213
15047,269,1,343.62,269.0,1.0,343.62,1,1,2,112
15048,65,4,384.05,65.0,4.0,384.05,3,1,2,312
15051,23,3,1391.61,23.0,3.0,1391.61,4,1,4,414
15053,4,3,697.79,4.0,3.0,697.79,5,1,3,513
15054,12,2,302.1,12.0,2.0,302.1,5,1,2,512
15057,275,2,1489.5,275.0,2.0,1489.5,1,1,4,114
15059,40,9,1337.72,40.0,9.0,1337.72,3,2,4,324
15060,8,4,303.09,8.0,4.0,303.09,5,1,2,512
15062,71,4,987.86,71.0,4.0,987.86,3,1,4,314
15063,213,1,370.79999999999995,213.0,1.0,370.79999999999995,1,1,2,112
15066,53,1,893.59,53.0,1.0,893.59,3,1,3,313
15068,46,2,553.36,46.0,2.0,553.36,3,1,3,313
15069,179,1,1109.53,179.0,1.0,1109.53,1,1,4,114
15071,93,2,982.07,93.0,2.0,982.07,2,1,4,214
15073,9,3,1043.41,9.0,3.0,1043.41,5,1,4,514
15074,105,1,748.87,105.0,1.0,748.87,2,1,3,213
15075,77,1,773.03,77.0,1.0,773.03,2,1,3,213
15076,172,1,880.85,172.0,1.0,880.85,2,1,3,213
15079,212,4,895.61,212.0,4.0,895.61,1,1,3,113
15081,22,5,504.8,22.0,5.0,504.8,4,1,3,413
15087,281,1,306.94,281.0,1.0,306.94,1,1,2,112
15088,21,2,1160.07,21.0,2.0,1160.07,4,1,4,414
15090,308,1,381.32,308.0,1.0,381.32,1,1,2,112
15091,67,1,480.71,67.0,1.0,480.71,3,1,3,313
15092,215,2,457.81,215.0,2.0,457.81,1,1,2,112
15095,103,4,1370.6,103.0,4.0,1370.6,2,1,4,214
15099,84,1,410.48,84.0,1.0,410.48,2,1,2,212
15100,333,3,876.0,333.0,3.0,876.0,1,1,3,113
15101,8,2,317.53,8.0,2.0,317.53,5,1,2,512
15103,31,2,703.36,31.0,2.0,703.36,4,1,3,413
15104,196,2,1027.44,196.0,2.0,1027.44,1,1,4,114
15106,17,5,1422.52,17.0,5.0,1422.52,4,1,4,414
15107,311,6,319.5,311.0,6.0,319.5,1,1,2,112
15109,245,1,484.95,245.0,1.0,484.95,1,1,3,113
15110,23,4,996.1,23.0,4.0,996.1,4,1,4,414
15111,29,3,1567.48,29.0,3.0,1567.48,4,1,4,414
15115,18,1,340.11,18.0,1.0,340.11,4,1,2,412
15116,17,4,1352.75,17.0,4.0,1352.75,4,1,4,414
15117,14,5,1551.78,14.0,5.0,1551.78,4,1,4,414
15120,133,1,358.82,133.0,1.0,358.82,2,1,2,212
15121,50,2,457.72,50.0,2.0,457.72,3,1,2,312
15127,65,1,406.53,65.0,1.0,406.53,3,1,2,312
15128,60,4,1471.0,60.0,4.0,1471.0,3,1,4,314
15130,169,1,330.11,169.0,1.0,330.11,2,1,2,212
15132,18,5,977.9300000000001,18.0,5.0,977.9300000000001,4,1,4,414
15133,127,3,982.42,127.0,3.0,982.42,2,1,4,214
15134,14,8,1387.99,14.0,8.0,1387.99,4,2,4,424
15136,2,4,1286.7,2.0,4.0,1286.7,5,1,4,514
15142,46,1,498.74,46.0,1.0,498.74,3,1,3,313
15145,4,4,1194.73,4.0,4.0,1194.73,5,1,4,514
15146,164,2,1327.16,164.0,2.0,1327.16,2,1,4,214
15147,240,1,623.5,240.0,1.0,623.5,1,1,3,113
15148,10,1,301.29,10.0,1.0,301.29,5,1,2,512
15149,133,1,520.8000000000001,133.0,1.0,520.8000000000001,2,1,3,213
15153,31,1,329.25,31.0,1.0,329.25,4,1,2,412
15156,1,3,961.49,1.0,3.0,961.49,5,1,4,514
15158,45,1,401.40000000000003,45.0,1.0,401.40000000000003,3,1,2,312
15163,18,2,304.47,18.0,2.0,304.47,4,1,2,412
15164,68,3,843.05,68.0,3.0,843.05,3,1,3,313
15165,373,1,487.75,368.80999999999995,1.0,487.75,1,1,3,113
15171,331,1,1289.5,331.0,1.0,1289.5,1,1,4,114
15181,66,3,689.4799999999999,66.0,3.0,689.4799999999999,3,1,3,313
15182,154,2,622.85,154.0,2.0,622.85,2,1,3,213
15184,29,2,406.76,29.0,2.0,406.76,4,1,2,412
15185,70,1,310.62,70.0,1.0,310.62,3,1,2,312
15186,14,2,411.41,14.0,2.0,411.41,4,1,2,412
15192,119,3,1044.32,119.0,3.0,1044.32,2,1,4,214
15193,60,1,499.32,60.0,1.0,499.32,3,1,3,313
15197,10,3,1079.6100000000001,10.0,3.0,1079.6100000000001,5,1,4,514
15199,59,4,1268.7,59.0,4.0,1268.7,3,1,4,314
15201,87,5,1236.54,87.0,5.0,1236.54,2,1,4,214
15204,357,1,316.58,357.0,1.0,316.58,1,1,2,112
15205,85,2,653.24,85.0,2.0,653.24,2,1,3,213
15206,10,4,420.29999999999995,10.0,4.0,420.29999999999995,5,1,2,512
15208,1,5,870.12,1.0,5.0,870.12,5,1,3,513
15210,225,1,331.18,225.0,1.0,331.18,1,1,2,112
15211,60,2,894.4100000000001,60.0,2.0,894.4100000000001,3,1,3,313
15213,318,2,328.35,318.0,2.0,328.35,1,1,2,112
15215,46,3,734.94,46.0,3.0,734.94,3,1,3,313
15219,176,1,305.75,176.0,1.0,305.75,2,1,2,212
15221,366,1,403.25,366.0,1.0,403.25,1,1,2,112
15222,318,1,585.0,318.0,1.0,585.0,1,1,3,113
15223,225,2,755.75,225.0,2.0,755.75,1,1,3,113
15224,358,2,322.08,358.0,2.0,322.08,1,1,2,112
15225,234,1,409.40000000000003,234.0,1.0,409.40000000000003,1,1,2,112
15227,36,5,1219.4,36.0,5.0,1219.4,3,1,4,314
15230,239,2,429.6,239.0,2.0,429.6,1,1,2,112
15232,113,2,612.06,113.0,2.0,612.06,2,1,3,213
15236,298,1,321.05,298.0,1.0,321.05,1,1,2,112
15237,1,4,1412.32,1.0,4.0,1412.32,5,1,4,514
15238,29,3,1071.99,29.0,3.0,1071.99,4,1,4,414
15239,10,2,780.59,10.0,2.0,780.59,5,1,3,513
15243,74,1,316.68,74.0,1.0,316.68,2,1,2,212
15244,65,2,631.57,65.0,2.0,631.57,3,1,3,313
15246,238,2,514.15,238.0,2.0,514.15,1,1,3,113
15247,122,1,356.0,122.0,1.0,356.0,2,1,2,212
15252,36,2,740.78,36.0,2.0,740.78,3,1,3,313
15253,16,5,918.1999999999999,16.0,5.0,918.1999999999999,4,1,4,414
15254,127,1,300.36,127.0,1.0,300.36,2,1,2,212
15255,66,1,890.85,66.0,1.0,890.85,3,1,3,313
15257,283,1,317.15,283.0,1.0,317.15,1,1,2,112
15258,168,2,623.16,168.0,2.0,623.16,2,1,3,213
15264,64,1,393.74,64.0,1.0,393.74,3,1,2,312
15265,151,2,1506.1200000000001,151.0,2.0,1506.1200000000001,2,1,4,214
15269,23,1,408.8,23.0,1.0,408.8,4,1,2,412
15272,57,2,721.94,57.0,2.0,721.94,3,1,3,313
15274,4,2,716.57,4.0,2.0,716.57,5,1,3,513
15275,37,1,615.14,37.0,1.0,615.14,3,1,3,313
15287,22,2,486.69,22.0,2.0,486.69,4,1,3,413
15289,29,3,939.78,29.0,3.0,939.78,4,1,4,414
15297,10,3,641.94,10.0,3.0,641.94,5,1,3,513
15300,64,1,496.44,64.0,1.0,496.44,3,1,3,313
15303,290,1,574.02,290.0,1.0,574.02,1,1,3,113
15304,60,8,694.4000000000001,60.0,8.0,694.4000000000001,3,2,3,323
15306,64,3,1174.35,64.0,3.0,1174.35,3,1,4,314
15308,274,1,310.47,274.0,1.0,310.47,1,1,2,112
15312,75,4,924.85,75.0,4.0,924.85,2,1,4,214
15314,199,1,327.97,199.0,1.0,327.97,1,1,2,112
15315,64,2,570.5,64.0,2.0,570.5,3,1,3,313
15318,3,1,312.62,3.0,1.0,312.62,5,1,2,512
15322,85,1,679.68,85.0,1.0,679.68,2,1,3,213
15326,333,1,311.71,333.0,1.0,311.71,1,1,2,112
15329,39,3,1049.7,39.0,3.0,1049.7,3,1,4,314
15330,32,2,714.96,32.0,2.0,714.96,4,1,3,413
15333,208,1,1028.56,208.0,1.0,1028.56,1,1,4,114
15334,156,3,351.67,156.0,3.0,351.67,2,1,2,212
15339,66,2,574.07,66.0,2.0,574.07,3,1,3,313
15342,129,1,406.09,129.0,1.0,406.09,2,1,2,212
15343,87,1,364.5,87.0,1.0,364.5,2,1,2,212
15344,0,3,563.94,0.0,3.0,563.94,5,1,3,513
15345,45,1,393.54,45.0,1.0,393.54,3,1,2,312
15349,158,2,473.81,158.0,2.0,473.81,2,1,3,213
15353,254,2,777.02,254.0,2.0,777.02,1,1,3,113
15360,39,1,427.93,39.0,1.0,427.93,3,1,2,312
15361,361,1,418.92,361.0,1.0,418.92,1,1,2,112
15363,372,1,326.0,368.80999999999995,1.0,326.0,1,1,2,112
15364,95,2,913.19,95.0,2.0,913.19,2,1,4,214
15366,75,2,602.51,75.0,2.0,602.51,2,1,3,213
15368,21,1,446.94000000000005,21.0,1.0,446.94000000000005,4,1,2,412
15376,40,3,1233.3600000000001,40.0,3.0,1233.3600000000001,3,1,4,314
15381,213,2,596.85,213.0,2.0,596.85,1,1,3,113
15384,169,2,642.41,169.0,2.0,642.41,2,1,3,213
15385,40,1,316.88,40.0,1.0,316.88,3,1,2,312
15386,186,1,394.14,186.0,1.0,394.14,1,1,2,112
15389,172,1,500.0,172.0,1.0,500.0,2,1,3,213
15392,4,4,1535.53,4.0,4.0,1535.53,5,1,4,514
15398,16,2,1345.53,16.0,2.0,1345.53,4,1,4,414
15399,1,3,815.77,1.0,3.0,815.77,5,1,3,513
15400,92,5,716.2,92.0,5.0,716.2,2,1,3,213
15402,148,2,626.77,148.0,2.0,626.77,2,1,3,213
15405,189,1,349.1,189.0,1.0,349.1,1,1,2,112
15406,31,2,510.71000000000004,31.0,2.0,510.71000000000004,4,1,3,413
15407,33,4,1056.44,33.0,4.0,1056.44,3,1,4,314
15411,26,4,1358.88,26.0,4.0,1358.88,4,1,4,414
15414,9,3,774.9000000000001,9.0,3.0,774.9000000000001,5,1,3,513
15415,313,1,572.8100000000001,313.0,1.0,572.8100000000001,1,1,3,113
15417,85,1,508.8,85.0,1.0,508.8,2,1,3,213
15421,58,4,950.36,58.0,4.0,950.36,3,1,4,314
15424,254,2,383.34,254.0,2.0,383.34,1,1,2,112
15426,19,5,1447.39,19.0,5.0,1447.39,4,1,4,414
15427,33,3,1483.14,33.0,3.0,1483.14,3,1,4,314
15429,26,2,397.35,26.0,2.0,397.35,4,1,2,412
15433,213,2,533.3,213.0,2.0,533.3,1,1,3,113
15434,8,5,1041.48,8.0,5.0,1041.48,5,1,4,514
15436,12,3,1122.53,12.0,3.0,1122.53,5,1,4,514
15440,54,3,383.68,54.0,3.0,383.68,3,1,2,312
15442,248,1,594.0,248.0,1.0,594.0,1,1,3,113
15444,9,2,1418.26,9.0,2.0,1418.26,5,1,4,514
15448,312,1,494.64,312.0,1.0,494.64,1,1,3,113
15449,26,3,974.52,26.0,3.0,974.52,4,1,4,414
15450,30,1,429.84,30.0,1.0,429.84,4,1,2,412
15452,29,3,538.73,29.0,3.0,538.73,4,1,3,413
15453,1,7,1388.37,1.0,7.0,1388.37,5,2,4,524
15456,283,3,447.22,283.0,3.0,447.22,1,1,2,112
15464,338,1,1048.85,338.0,1.0,1048.85,1,1,4,114
15466,85,1,334.53,85.0,1.0,334.53,2,1,2,212
15467,9,3,524.88,9.0,3.0,524.88,5,1,3,513
15468,51,2,467.51,51.0,2.0,467.51,3,1,3,313
15469,50,2,538.55,50.0,2.0,538.55,3,1,3,313
15471,2,1,469.48,2.0,1.0,469.48,5,1,3,513
15472,113,1,371.56,113.0,1.0,371.56,2,1,2,212
15475,77,1,454.10999999999996,77.0,1.0,454.10999999999996,2,1,2,212
15478,40,2,1441.42,40.0,2.0,1441.42,3,1,4,314
15489,22,3,1134.28,22.0,3.0,1134.28,4,1,4,414
15492,28,2,659.4599999999999,28.0,2.0,659.4599999999999,4,1,3,413
15494,21,2,1299.23,21.0,2.0,1299.23,4,1,4,414
15497,17,2,1262.2,17.0,2.0,1262.2,4,1,4,414
15500,8,4,1131.56,8.0,4.0,1131.56,5,1,4,514
15506,22,3,979.26,22.0,3.0,979.26,4,1,4,414
15507,171,1,492.36,171.0,1.0,492.36,2,1,3,213
15508,189,6,1000.27,189.0,6.0,1000.27,1,1,4,114
15511,11,5,909.23,11.0,5.0,909.23,5,1,4,514
15520,1,1,343.5,1.0,1.0,343.5,5,1,2,512
15522,32,2,398.84,32.0,2.0,398.84,4,1,2,412
15523,84,1,412.01000000000005,84.0,1.0,412.01000000000005,2,1,2,212
15524,24,1,440.0,24.0,1.0,440.0,4,1,2,412
15525,2,3,825.92,2.0,3.0,825.92,5,1,3,513
15530,21,4,1502.35,21.0,4.0,1502.35,4,1,4,414
15533,19,3,807.57,19.0,3.0,807.57,4,1,3,413
15535,173,4,536.4,173.0,4.0,536.4,2,1,3,213
15539,7,1,538.46,7.0,1.0,538.46,5,1,3,513
15550,4,4,575.63,4.0,4.0,575.63,5,1,3,513
15551,36,1,436.06,36.0,1.0,436.06,3,1,2,312
15553,60,1,437.23,60.0,1.0,437.23,3,1,2,312
15557,28,1,473.65000000000003,28.0,1.0,473.65000000000003,4,1,3,413
15561,11,4,800.59,11.0,4.0,800.59,5,1,3,513
15563,22,4,1400.44,22.0,4.0,1400.44,4,1,4,414
15568,2,3,758.29,2.0,3.0,758.29,5,1,3,513
15569,103,5,1375.71,103.0,5.0,1375.71,2,1,4,214
15571,11,4,650.4300000000001,11.0,4.0,650.4300000000001,5,1,3,513
15573,31,2,607.45,31.0,2.0,607.45,4,1,3,413
15574,177,4,702.25,177.0,4.0,702.25,2,1,3,213
15576,37,1,940.6700000000001,37.0,1.0,940.6700000000001,3,1,4,314
15579,68,2,348.6,68.0,2.0,348.6,3,1,2,312
15582,24,3,682.9100000000001,24.0,3.0,682.9100000000001,4,1,3,413
15584,23,4,725.11,23.0,4.0,725.11,4,1,3,413
15585,176,1,455.3,176.0,1.0,455.3,2,1,2,212
15587,50,4,913.6800000000001,50.0,4.0,913.6800000000001,3,1,4,314
15589,255,3,478.53000000000003,255.0,3.0,478.53000000000003,1,1,3,113
15592,46,1,388.58,46.0,1.0,388.58,3,1,2,312
15596,100,5,1406.59,100.0,5.0,1406.59,2,1,4,214
15597,35,1,324.57,35.0,1.0,324.57,3,1,2,312
15599,26,2,761.74,26.0,2.0,761.74,4,1,3,413
15602,8,9,1297.8700000000001,8.0,9.0,1297.8700000000001,5,2,4,524
15605,36,5,1198.23,36.0,5.0,1198.23,3,1,4,314
15608,28,4,1093.68,28.0,4.0,1093.68,4,1,4,414
15618,32,4,776.851,32.0,4.0,776.851,4,1,3,413
15619,10,1,336.40000000000003,10.0,1.0,336.40000000000003,5,1,2,512
15620,56,3,1553.18,56.0,3.0,1553.18,3,1,4,314
15621,4,4,1293.03,4.0,4.0,1293.03,5,1,4,514
15623,141,1,301.03,141.0,1.0,301.03,2,1,2,212
15624,116,4,588.13,116.0,4.0,588.13,2,1,3,213
15625,103,4,1534.26,103.0,4.0,1534.26,2,1,4,214
15626,74,2,675.8,74.0,2.0,675.8,2,1,3,213
15630,45,2,1186.35,45.0,2.0,1186.35,3,1,4,314
15636,89,2,724.76,89.0,2.0,724.76,2,1,3,213
15639,134,1,425.32,134.0,1.0,425.32,2,1,2,212
15643,191,3,664.0,191.0,3.0,664.0,1,1,3,113
15644,166,4,813.0,166.0,4.0,813.0,2,1,3,213
15645,18,1,612.01,18.0,1.0,612.01,4,1,3,413
15646,157,3,447.64000000000004,157.0,3.0,447.64000000000004,2,1,2,212
15648,204,2,657.35,204.0,2.0,657.35,1,1,3,113
15649,336,2,816.0,336.0,2.0,816.0,1,1,3,113
15651,36,3,646.3,36.0,3.0,646.3,3,1,3,313
15652,91,1,337.74,91.0,1.0,337.74,2,1,2,212
15653,92,2,877.4399999999999,92.0,2.0,877.4399999999999,2,1,3,213
15654,9,2,922.53,9.0,2.0,922.53,5,1,4,514
15655,243,1,560.67,243.0,1.0,560.67,1,1,3,113
15656,45,4,748.5,45.0,4.0,748.5,3,1,3,313
15658,190,5,1024.1000000000001,190.0,5.0,1024.1000000000001,1,1,4,114
15659,43,1,306.45,43.0,1.0,306.45,3,1,2,312
15661,317,2,309.8,317.0,2.0,309.8,1,1,2,112
15664,50,1,386.43,50.0,1.0,386.43,3,1,2,312
15667,39,1,301.32,39.0,1.0,301.32,3,1,2,312
15669,40,4,684.34,40.0,4.0,684.34,3,1,3,313
15675,81,3,323.69,81.0,3.0,323.69,2,1,2,212
15677,49,1,657.23,49.0,1.0,657.23,3,1,3,313
15678,52,1,352.7,52.0,1.0,352.7,3,1,2,312
15679,24,4,781.28,24.0,4.0,781.28,4,1,3,413
15680,9,3,1333.68,9.0,3.0,1333.68,5,1,4,514
15681,25,5,1426.16,25.0,5.0,1426.16,4,1,4,414
15695,266,2,409.98,266.0,2.0,409.98,1,1,2,112
15699,17,1,309.65,17.0,1.0,309.65,4,1,2,412
15700,172,2,696.68,172.0,2.0,696.68,2,1,3,213
15701,2,4,1542.14,2.0,4.0,1542.14,5,1,4,514
15706,63,4,1060.56,63.0,4.0,1060.56,3,1,4,314
15707,35,4,945.58,35.0,4.0,945.58,3,1,4,314
15712,9,5,1072.3600000000001,9.0,5.0,1072.3600000000001,5,1,4,514
15713,143,2,356.7,143.0,2.0,356.7,2,1,2,212
15714,11,2,330.88,11.0,2.0,330.88,5,1,2,512
15716,145,4,1118.81,145.0,4.0,1118.81,2,1,4,214
15720,24,1,598.73,24.0,1.0,598.73,4,1,3,413
15721,11,1,507.08,11.0,1.0,507.08,5,1,3,513
15725,15,1,415.25,15.0,1.0,415.25,4,1,2,412
15730,65,3,1120.88,65.0,3.0,1120.88,3,1,4,314
15734,114,2,1339.45,114.0,2.0,1339.45,2,1,4,214
15737,14,8,1205.1200000000001,14.0,8.0,1205.1200000000001,4,2,4,424
15739,66,1,449.12,66.0,1.0,449.12,3,1,2,312
15743,16,4,784.46,16.0,4.0,784.46,4,1,3,413
15745,19,4,1094.59,19.0,4.0,1094.59,4,1,4,414
15747,12,3,974.04,12.0,3.0,974.04,5,1,4,514
15754,51,3,458.57,51.0,3.0,458.57,3,1,2,312
15756,61,4,532.96,61.0,4.0,532.96,3,1,3,313
15757,65,2,714.42,65.0,2.0,714.42,3,1,3,313
15762,65,2,583.75,65.0,2.0,583.75,3,1,3,313
15763,31,2,1086.92,31.0,2.0,1086.92,4,1,4,414
15766,64,1,315.06,64.0,1.0,315.06,3,1,2,312
15768,115,3,621.8299999999999,115.0,3.0,621.8299999999999,2,1,3,213
15773,5,1,635.6800000000001,5.0,1.0,635.6800000000001,5,1,3,513
15777,241,4,1047.11,241.0,4.0,1047.11,1,1,4,114
15780,183,3,475.28000000000003,183.0,3.0,475.28000000000003,1,1,3,113
15781,25,3,345.46,25.0,3.0,345.46,4,1,2,412
15787,26,3,948.05,26.0,3.0,948.05,4,1,4,414
15789,358,1,351.3,358.0,1.0,351.3,1,1,2,112
15793,14,3,965.61,14.0,3.0,965.61,4,1,4,414
15795,149,1,610.01,149.0,1.0,610.01,2,1,3,213
15799,75,3,884.14,75.0,3.0,884.14,2,1,3,213
15800,107,2,699.08,107.0,2.0,699.08,2,1,3,213
15801,46,3,1063.95,46.0,3.0,1063.95,3,1,4,314
15802,142,1,451.42,142.0,1.0,451.42,2,1,2,212
15803,51,1,415.82000000000005,51.0,1.0,415.82000000000005,3,1,2,312
15806,46,3,784.58,46.0,3.0,784.58,3,1,3,313
15807,50,3,903.9,50.0,3.0,903.9,3,1,4,314
15809,36,5,515.77,36.0,5.0,515.77,3,1,3,313
15810,78,4,1391.98,78.0,4.0,1391.98,2,1,4,214
15813,207,2,1303.9099999999999,207.0,2.0,1303.9099999999999,1,1,4,114
15821,44,2,570.96,44.0,2.0,570.96,3,1,3,313
15822,3,2,885.47,3.0,2.0,885.47,5,1,3,513
15825,172,1,532.94,172.0,1.0,532.94,2,1,3,213
15829,99,2,636.14,99.0,2.0,636.14,2,1,3,213
15830,37,1,576.0,37.0,1.0,576.0,3,1,3,313
15831,58,3,801.76,58.0,3.0,801.76,3,1,3,313
15832,254,1,836.79,254.0,1.0,836.79,1,1,3,113
15835,44,4,954.09,44.0,4.0,954.09,3,1,4,314
15837,64,1,391.98,64.0,1.0,391.98,3,1,2,312
15839,33,3,1048.49,33.0,3.0,1048.49,3,1,4,314
15840,58,2,355.56,58.0,2.0,355.56,3,1,2,312
15841,72,4,1224.06,72.0,4.0,1224.06,2,1,4,214
15847,38,2,389.27,38.0,2.0,389.27,3,1,2,312
15855,136,5,712.24,136.0,5.0,712.24,2,1,3,213
15858,15,5,1438.85,15.0,5.0,1438.85,4,1,4,414
15860,40,8,977.21,40.0,8.0,977.21,3,2,4,324
15862,8,4,832.88,8.0,4.0,832.88,5,1,3,513
15865,40,3,895.13,40.0,3.0,895.13,3,1,3,313
15870,32,1,354.09000000000003,32.0,1.0,354.09000000000003,4,1,2,412
15872,14,2,360.93,14.0,2.0,360.93,4,1,2,412
15877,1,2,493.28,1.0,2.0,493.28,5,1,3,513
15880,369,1,343.28000000000003,368.80999999999995,1.0,343.28000000000003,1,1,2,112
15881,312,5,501.39000000000004,312.0,5.0,501.39000000000004,1,1,3,113
15882,198,4,516.36,198.0,4.0,516.36,1,1,3,113
15883,2,2,396.48,2.0,2.0,396.48,5,1,2,512
15885,92,3,379.35,92.0,3.0,379.35,2,1,2,212
15889,156,2,446.87,156.0,2.0,446.87,2,1,2,212
15891,226,1,524.52,226.0,1.0,524.52,1,1,3,113
15898,1,5,1388.88,1.0,5.0,1388.88,5,1,4,514
15900,23,1,351.11,23.0,1.0,351.11,4,1,2,412
15901,16,3,363.88,16.0,3.0,363.88,4,1,2,412
15906,19,7,1567.69,19.0,7.0,1567.69,4,2,4,424
15907,3,3,967.45,3.0,3.0,967.45,5,1,4,514
15910,0,8,1232.18,0.0,8.0,1232.18,5,2,4,524
15916,16,8,1528.09,16.0,8.0,1528.09,4,2,4,424
15918,190,2,334.23,190.0,2.0,334.23,1,1,2,112
15919,19,2,639.89,19.0,2.0,639.89,4,1,3,413
15921,172,1,336.03000000000003,172.0,1.0,336.03000000000003,2,1,2,212
15922,373,1,369.5,368.80999999999995,1.0,369.5,1,1,2,112
15930,67,1,426.63,67.0,1.0,426.63,3,1,2,312
15933,21,3,1107.46,21.0,3.0,1107.46,4,1,4,414
15935,239,2,416.86,239.0,2.0,416.86,1,1,2,112
15938,112,5,404.58,112.0,5.0,404.58,2,1,2,212
15942,133,1,337.44,133.0,1.0,337.44,2,1,2,212
15944,276,1,325.1,276.0,1.0,325.1,1,1,2,112
15948,8,2,955.24,8.0,2.0,955.24,5,1,4,514
15949,16,2,364.72,16.0,2.0,364.72,4,1,2,412
15951,8,2,708.22,8.0,2.0,708.22,5,1,3,513
15952,33,4,806.57,33.0,4.0,806.57,3,1,3,313
15957,31,1,428.89,31.0,1.0,428.89,4,1,2,412
15963,19,2,470.76,19.0,2.0,470.76,4,1,3,413
15965,17,4,845.64,17.0,4.0,845.64,4,1,3,413
15967,23,2,418.83,23.0,2.0,418.83,4,1,2,412
15969,2,3,666.1,2.0,3.0,666.1,5,1,3,513
15970,303,1,314.1,303.0,1.0,314.1,1,1,2,112
15973,366,1,307.82000000000005,366.0,1.0,307.82000000000005,1,1,2,112
15975,84,1,371.01,84.0,1.0,371.01,2,1,2,212
15976,165,2,430.94,165.0,2.0,430.94,2,1,2,212
15977,17,2,1054.73,17.0,2.0,1054.73,4,1,4,414
15978,77,1,1098.78,77.0,1.0,1098.78,2,1,4,214
15983,22,4,1475.02,22.0,4.0,1475.02,4,1,4,414
15985,123,2,1142.42,123.0,2.0,1142.42,2,1,4,214
15987,12,7,1451.28,12.0,7.0,1451.28,5,2,4,524
15990,44,2,792.11,44.0,2.0,792.11,3,1,3,313
15994,54,1,427.07,54.0,1.0,427.07,3,1,2,312
15996,88,6,1060.68,88.0,6.0,1060.68,2,1,4,214
16005,12,4,615.39,12.0,4.0,615.39,5,1,3,513
16008,23,3,478.78,23.0,3.0,478.78,4,1,3,413
16009,22,4,992.71,22.0,4.0,992.71,4,1,4,414
16010,245,3,407.5,245.0,3.0,407.5,1,1,2,112
16012,35,3,1415.29,35.0,3.0,1415.29,3,1,4,314
16014,37,3,662.38,37.0,3.0,662.38,3,1,3,313
16015,3,3,705.39,3.0,3.0,705.39,5,1,3,513
16016,3,8,1508.76,3.0,8.0,1508.76,5,2,4,524
16018,39,2,408.90000000000003,39.0,2.0,408.90000000000003,3,1,2,312
16020,16,3,851.01,16.0,3.0,851.01,4,1,3,413
16022,260,1,628.28,260.0,1.0,628.28,1,1,3,113
16023,46,3,719.81,46.0,3.0,719.81,3,1,3,313
16025,29,1,439.65999999999997,29.0,1.0,439.65999999999997,4,1,2,412
16027,91,6,934.62,91.0,6.0,934.62,2,1,4,214
16030,309,1,331.24,309.0,1.0,331.24,1,1,2,112
16031,92,2,548.94,92.0,2.0,548.94,2,1,3,213
16034,196,3,437.7,196.0,3.0,437.7,1,1,2,112
16036,87,2,758.92,87.0,2.0,758.92,2,1,3,213
16037,269,3,855.02,269.0,3.0,855.02,1,1,3,113
16038,7,3,471.78000000000003,7.0,3.0,471.78000000000003,5,1,3,513
16040,65,3,1313.55,65.0,3.0,1313.55,3,1,4,314
16042,22,5,1197.27,22.0,5.0,1197.27,4,1,4,414
16043,37,4,773.99,37.0,4.0,773.99,3,1,3,313
16045,119,4,1340.7,119.0,4.0,1340.7,2,1,4,214
16049,40,3,1111.79,40.0,3.0,1111.79,3,1,4,314
16052,54,1,362.06,54.0,1.0,362.06,3,1,2,312
16053,32,2,1511.95,32.0,2.0,1511.95,4,1,4,414
16054,145,1,783.9,145.0,1.0,783.9,2,1,3,213
16056,45,1,664.85,45.0,1.0,664.85,3,1,3,313
16059,65,6,1459.8600000000001,65.0,6.0,1459.8600000000001,3,1,4,314
16062,9,4,1153.62,9.0,4.0,1153.62,5,1,4,514
16063,260,1,335.32,260.0,1.0,335.32,1,1,2,112
16065,365,1,372.09,365.0,1.0,372.09,1,1,2,112
16066,16,5,1521.87,16.0,5.0,1521.87,4,1,4,414
16070,22,2,852.15,22.0,2.0,852.15,4,1,3,413
16071,44,1,326.24,44.0,1.0,326.24,3,1,2,312
16072,288,1,584.3199999999999,288.0,1.0,584.3199999999999,1,1,3,113
16079,16,3,1352.0,16.0,3.0,1352.0,4,1,4,414
16083,100,2,1317.62,100.0,2.0,1317.62,2,1,4,214
16084,299,1,436.18,299.0,1.0,436.18,1,1,2,112
16085,23,5,981.51,23.0,5.0,981.51,4,1,4,414
16086,59,5,1121.39,59.0,5.0,1121.39,3,1,4,314
16091,154,2,315.06,154.0,2.0,315.06,2,1,2,212
16092,114,3,817.86,114.0,3.0,817.86,2,1,3,213
16094,11,4,1078.23,11.0,4.0,1078.23,5,1,4,514
16096,264,1,320.62,264.0,1.0,320.62,1,1,2,112
16099,50,3,731.9,50.0,3.0,731.9,3,1,3,313
16101,70,1,1290.7,70.0,1.0,1290.7,3,1,4,314
16103,7,6,1429.64,7.0,6.0,1429.64,5,1,4,514
16104,61,1,302.36,61.0,1.0,302.36,3,1,2,312
16105,248,1,336.96,248.0,1.0,336.96,1,1,2,112
16108,84,1,842.5,84.0,1.0,842.5,2,1,3,213
16109,218,2,611.88,218.0,2.0,611.88,1,1,3,113
16110,45,3,1337.48,45.0,3.0,1337.48,3,1,4,314
16116,211,1,612.78,211.0,1.0,612.78,1,1,3,113
16119,8,2,423.36,8.0,2.0,423.36,5,1,2,512
16120,59,4,1309.14,59.0,4.0,1309.14,3,1,4,314
16121,57,2,867.11,57.0,2.0,867.11,3,1,3,313
16122,73,4,684.4200000000001,73.0,4.0,684.4200000000001,2,1,3,213
16123,51,1,307.78,51.0,1.0,307.78,3,1,2,312
16127,39,1,656.25,39.0,1.0,656.25,3,1,3,313
16134,21,2,618.09,21.0,2.0,618.09,4,1,3,413
16135,262,1,517.55,262.0,1.0,517.55,1,1,3,113
16136,59,3,709.38,59.0,3.0,709.38,3,1,3,313
16139,18,3,635.41,18.0,3.0,635.41,4,1,3,413
16140,65,2,725.18,65.0,2.0,725.18,3,1,3,313
16141,88,1,620.4,88.0,1.0,620.4,2,1,3,213
16142,249,1,535.34,249.0,1.0,535.34,1,1,3,113
16146,157,3,734.13,157.0,3.0,734.13,2,1,3,213
16147,133,1,375.0,133.0,1.0,375.0,2,1,2,212
16157,15,3,656.69,15.0,3.0,656.69,4,1,3,413
16159,281,1,348.2,281.0,1.0,348.2,1,1,2,112
16160,65,2,1025.44,65.0,2.0,1025.44,3,1,4,314
16163,232,2,856.6,232.0,2.0,856.6,1,1,3,113
16164,17,3,822.48,17.0,3.0,822.48,4,1,3,413
16172,95,5,1140.21,95.0,5.0,1140.21,2,1,4,214
16173,15,6,1418.32,15.0,6.0,1418.32,4,1,4,414
16174,126,3,1009.5500000000001,126.0,3.0,1009.5500000000001,2,1,4,214
16175,94,4,1037.59,94.0,4.0,1037.59,2,1,4,214
16177,50,1,331.95,50.0,1.0,331.95,3,1,2,312
16181,73,1,305.54,73.0,1.0,305.54,2,1,2,212
16183,67,1,338.71000000000004,67.0,1.0,338.71000000000004,3,1,2,312
16184,64,6,1158.79,64.0,6.0,1158.79,3,1,4,314
16185,16,2,529.41,16.0,2.0,529.41,4,1,3,413
16188,44,4,981.86,44.0,4.0,981.86,3,1,4,314
16193,236,1,314.45,236.0,1.0,314.45,1,1,2,112
16198,75,1,400.68100000000004,75.0,1.0,400.68100000000004,2,1,2,212
16200,4,2,1080.6200000000001,4.0,2.0,1080.6200000000001,5,1,4,514
16202,360,1,365.27,360.0,1.0,365.27,1,1,2,112
16203,58,4,592.9,58.0,4.0,592.9,3,1,3,313
16204,23,1,405.71,23.0,1.0,405.71,4,1,2,412
16205,30,4,761.38,30.0,4.0,761.38,4,1,3,413
16206,54,4,537.0600000000001,54.0,4.0,537.0600000000001,3,1,3,313
16207,25,1,394.38,25.0,1.0,394.38,4,1,2,412
16208,44,2,664.26,44.0,2.0,664.26,3,1,3,313
16211,88,1,547.02,88.0,1.0,547.02,2,1,3,213
16212,19,2,690.34,19.0,2.0,690.34,4,1,3,413
16214,170,3,1062.75,170.0,3.0,1062.75,2,1,4,214
16216,267,1,914.9300000000001,267.0,1.0,914.9300000000001,1,1,4,114
16217,235,2,304.25,235.0,2.0,304.25,1,1,2,112
16221,36,3,864.86,36.0,3.0,864.86,3,1,3,313
16222,318,1,846.72,318.0,1.0,846.72,1,1,3,113
16224,57,4,1295.3,57.0,4.0,1295.3,3,1,4,314
16225,44,5,1096.32,44.0,5.0,1096.32,3,1,4,314
16227,225,1,314.22,225.0,1.0,314.22,1,1,2,112
16229,87,2,1010.6,87.0,2.0,1010.6,2,1,4,214
16230,189,2,542.03,189.0,2.0,542.03,1,1,3,113
16232,43,4,990.88,43.0,4.0,990.88,3,1,4,314
16233,71,3,536.6800000000001,71.0,3.0,536.6800000000001,3,1,3,313
16235,40,5,867.31,40.0,5.0,867.31,3,1,3,313
16236,78,1,432.2,78.0,1.0,432.2,2,1,2,212
16239,56,2,414.2,56.0,2.0,414.2,3,1,2,312
16243,33,2,409.1,33.0,2.0,409.1,3,1,2,312
16244,211,2,1522.75,211.0,2.0,1522.75,1,1,4,114
16245,23,3,1413.66,23.0,3.0,1413.66,4,1,4,414
16250,261,2,389.44,261.0,2.0,389.44,1,1,2,112
16256,266,1,752.4300000000001,266.0,1.0,752.4300000000001,1,1,3,113
16260,50,1,1035.45,50.0,1.0,1035.45,3,1,4,314
16261,17,4,746.83,17.0,4.0,746.83,4,1,3,413
16266,73,7,861.89,73.0,7.0,861.89,2,2,3,223
16268,71,2,667.65,71.0,2.0,667.65,3,1,3,313
16270,353,1,1141.24,353.0,1.0,1141.24,1,1,4,114
16271,2,5,1429.24,2.0,5.0,1429.24,5,1,4,514
16272,116,1,411.7,116.0,1.0,411.7,2,1,2,212
16274,373,1,357.95,368.80999999999995,1.0,357.95,1,1,2,112
16275,196,1,559.87,196.0,1.0,559.87,1,1,3,113
16276,176,1,810.6000000000001,176.0,1.0,810.6000000000001,2,1,3,213
16278,100,1,566.38,100.0,1.0,566.38,2,1,3,213
16279,21,3,1509.58,21.0,3.0,1509.58,4,1,4,414
16283,5,5,1570.81,5.0,5.0,1570.81,5,1,4,514
16284,31,2,823.97,31.0,2.0,823.97,4,1,3,413
16292,121,1,302.25,121.0,1.0,302.25,2,1,2,212
16295,9,4,1328.55,9.0,4.0,1328.55,5,1,4,514
16297,268,1,301.9,268.0,1.0,301.9,1,1,2,112
16298,22,3,598.2,22.0,3.0,598.2,4,1,3,413
16305,138,1,361.21999999999997,138.0,1.0,361.21999999999997,2,1,2,212
16306,213,6,632.27,213.0,6.0,632.27,1,1,3,113
16309,106,2,706.57,106.0,2.0,706.57,2,1,3,213
16311,17,2,616.26,17.0,2.0,616.26,4,1,3,413
16317,119,3,1341.65,119.0,3.0,1341.65,2,1,4,214
16318,35,1,328.15,35.0,1.0,328.15,3,1,2,312
16319,217,1,404.40000000000003,217.0,1.0,404.40000000000003,1,1,2,112
16322,1,2,326.75,1.0,2.0,326.75,5,1,2,512
16324,128,3,428.68,128.0,3.0,428.68,2,1,2,212
16325,46,3,594.24,46.0,3.0,594.24,3,1,3,313
16340,107,1,549.07,107.0,1.0,549.07,2,1,3,213
16342,75,4,322.41,75.0,4.0,322.41,2,1,2,212
16343,16,2,370.47999999999996,16.0,2.0,370.47999999999996,4,1,2,412
16345,44,1,575.41,44.0,1.0,575.41,3,1,3,313
16347,11,2,887.65,11.0,2.0,887.65,5,1,3,513
16348,32,7,1469.45,32.0,7.0,1469.45,4,2,4,424
16350,21,4,1116.47,21.0,4.0,1116.47,4,1,4,414
16352,17,2,494.44,17.0,2.0,494.44,4,1,3,413
16354,63,2,395.8,63.0,2.0,395.8,3,1,2,312
16357,33,3,658.88,33.0,3.0,658.88,3,1,3,313
16361,9,4,896.66,9.0,4.0,896.66,5,1,3,513
16362,32,5,734.77,32.0,5.0,734.77,4,1,3,413
16364,11,2,707.04,11.0,2.0,707.04,5,1,3,513
16365,17,9,1540.42,17.0,9.0,1540.42,4,2,4,424
16366,18,1,327.3,18.0,1.0,327.3,4,1,2,412
16367,37,2,804.49,37.0,2.0,804.49,3,1,3,313
16368,2,2,497.43,2.0,2.0,497.43,5,1,3,513
16369,18,3,1553.66,18.0,3.0,1553.66,4,1,4,414
16370,82,4,1320.56,82.0,4.0,1320.56,2,1,4,214
16372,33,2,367.93,33.0,2.0,367.93,3,1,2,312
16374,66,2,473.03000000000003,66.0,2.0,473.03000000000003,3,1,3,313
16376,8,2,987.01,8.0,2.0,987.01,5,1,4,514
16377,267,1,676.2,267.0,1.0,676.2,1,1,3,113
16378,247,3,362.95,247.0,3.0,362.95,1,1,2,112
16383,74,2,668.36,74.0,2.0,668.36,2,1,3,213
16384,89,2,584.5,89.0,2.0,584.5,2,1,3,213
16385,60,3,555.89,60.0,3.0,555.89,3,1,3,313
16386,28,2,317.2,28.0,2.0,317.2,4,1,2,412
16389,53,4,1382.07,53.0,4.0,1382.07,3,1,4,314
16394,56,5,1555.34,56.0,5.0,1555.34,3,1,4,314
16395,60,5,1486.9,60.0,5.0,1486.9,3,1,4,314
16399,19,2,408.57,19.0,2.0,408.57,4,1,2,412
16400,94,1,303.93,94.0,1.0,303.93,2,1,2,212
16404,70,1,443.05,70.0,1.0,443.05,3,1,2,312
16416,26,3,1051.4,26.0,3.0,1051.4,4,1,4,414
16418,44,3,675.27,44.0,3.0,675.27,3,1,3,313
16419,112,6,972.23,112.0,6.0,972.23,2,1,4,214
16423,24,1,346.12,24.0,1.0,346.12,4,1,2,412
16425,302,1,302.7,302.0,1.0,302.7,1,1,2,112
16430,57,1,300.85,57.0,1.0,300.85,3,1,2,312
16431,213,3,642.81,213.0,3.0,642.81,1,1,3,113
16434,29,7,1522.25,29.0,7.0,1522.25,4,2,4,424
16438,5,5,798.35,5.0,5.0,798.35,5,1,3,513
16441,67,2,381.2,67.0,2.0,381.2,3,1,2,312
16442,1,3,616.79,1.0,3.0,616.79,5,1,3,513
16444,46,4,654.67,46.0,4.0,654.67,3,1,3,313
16449,197,2,707.69,197.0,2.0,707.69,1,1,3,113
16450,149,1,311.92,149.0,1.0,311.92,2,1,2,212
16460,28,3,814.72,28.0,3.0,814.72,4,1,3,413
16463,21,4,1422.4,21.0,4.0,1422.4,4,1,4,414
16464,19,3,1314.68,19.0,3.0,1314.68,4,1,4,414
16469,23,4,650.43,23.0,4.0,650.43,4,1,3,413
16470,51,4,762.39,51.0,4.0,762.39,3,1,3,313
16473,164,3,316.11,164.0,3.0,316.11,2,1,2,212
16475,88,4,544.3,88.0,4.0,544.3,2,1,3,213
16478,25,3,331.0,25.0,3.0,331.0,4,1,2,412
16479,10,2,300.83,10.0,2.0,300.83,5,1,2,512
16480,75,1,769.29,75.0,1.0,769.29,2,1,3,213
16484,173,2,404.3,173.0,2.0,404.3,2,1,2,212
16485,77,1,363.65,77.0,1.0,363.65,2,1,2,212
16488,33,3,498.8,33.0,3.0,498.8,3,1,3,313
16491,46,1,731.5,46.0,1.0,731.5,3,1,3,313
16493,79,4,1351.63,79.0,4.0,1351.63,2,1,4,214
16494,296,1,826.53,296.0,1.0,826.53,1,1,3,113
16495,3,3,684.41,3.0,3.0,684.41,5,1,3,513
16499,360,2,365.45,360.0,2.0,365.45,1,1,2,112
16500,4,6,400.86,4.0,6.0,400.86,5,1,2,512
16503,106,4,1431.93,106.0,4.0,1431.93,2,1,4,214
16504,25,1,484.38,25.0,1.0,484.38,4,1,3,413
16505,31,1,777.6,31.0,1.0,777.6,4,1,3,413
16509,296,1,363.7,296.0,1.0,363.7,1,1,2,112
16511,21,3,950.26,21.0,3.0,950.26,4,1,4,414
16513,4,4,874.59,4.0,4.0,874.59,5,1,3,513
16518,61,2,484.32,61.0,2.0,484.32,3,1,3,313
16520,186,3,1046.57,186.0,3.0,1046.57,1,1,4,114
16529,190,1,455.25,190.0,1.0,455.25,1,1,2,112
16531,22,7,1244.59,22.0,7.0,1244.59,4,2,4,424
16533,19,3,1095.56,19.0,3.0,1095.56,4,1,4,414
16535,5,1,593.75,5.0,1.0,593.75,5,1,3,513
16536,110,1,548.97,110.0,1.0,548.97,2,1,3,213
16539,2,4,1388.81,2.0,4.0,1388.81,5,1,4,514
16545,164,1,339.3,164.0,1.0,339.3,2,1,2,212
16546,290,2,787.15,290.0,2.0,787.15,1,1,3,113
16551,95,3,922.12,95.0,3.0,922.12,2,1,4,214
16552,242,2,379.73,242.0,2.0,379.73,1,1,2,112
16554,42,3,837.1,42.0,3.0,837.1,3,1,3,313
16560,26,2,841.41,26.0,2.0,841.41,4,1,3,413
16561,5,2,511.12,5.0,2.0,511.12,5,1,3,513
16563,53,1,1077.74,53.0,1.0,1077.74,3,1,4,314
16566,15,5,614.66,15.0,5.0,614.66,4,1,3,413
16567,194,2,865.6,194.0,2.0,865.6,1,1,3,113
16571,26,3,1421.69,26.0,3.0,1421.69,4,1,4,414
16572,127,3,1009.6,127.0,3.0,1009.6,2,1,4,214
16573,84,2,663.61,84.0,2.0,663.61,2,1,3,213
16574,71,1,451.44,71.0,1.0,451.44,3,1,2,312
16582,113,1,313.62,113.0,1.0,313.62,2,1,2,212
16584,80,2,936.08,80.0,2.0,936.08,2,1,4,214
16586,248,1,463.95,248.0,1.0,463.95,1,1,2,112
16589,71,3,459.24,71.0,3.0,459.24,3,1,2,312
16593,50,3,330.03,50.0,3.0,330.03,3,1,2,312
16595,61,1,360.16,61.0,1.0,360.16,3,1,2,312
16600,4,6,813.52,4.0,6.0,813.52,5,1,3,513
16602,36,1,528.08,36.0,1.0,528.08,3,1,3,313
16603,74,2,482.47,74.0,2.0,482.47,2,1,3,213
16612,32,4,1187.66,32.0,4.0,1187.66,4,1,4,414
16613,70,1,618.59,70.0,1.0,618.59,3,1,3,313
16614,182,1,506.19,182.0,1.0,506.19,1,1,3,113
16616,15,2,500.42,15.0,2.0,500.42,4,1,3,413
16621,51,4,813.48,51.0,4.0,813.48,3,1,3,313
16624,80,2,810.5699999999999,80.0,2.0,810.5699999999999,2,1,3,213
16625,274,1,333.08,274.0,1.0,333.08,1,1,2,112
16627,79,1,322.8,79.0,1.0,322.8,2,1,2,212
16629,73,2,417.73,73.0,2.0,417.73,2,1,2,212
16637,32,4,1154.47,32.0,4.0,1154.47,4,1,4,414
16639,31,3,1257.51,31.0,3.0,1257.51,4,1,4,414
16642,4,2,688.33,4.0,2.0,688.33,5,1,3,513
16643,245,1,487.51,245.0,1.0,487.51,1,1,3,113
16644,177,2,833.78,177.0,2.0,833.78,2,1,3,213
16650,71,1,518.42,71.0,1.0,518.42,3,1,3,313
16653,16,2,1212.66,16.0,2.0,1212.66,4,1,4,414
16654,141,4,601.27,141.0,4.0,601.27,2,1,3,213
16657,9,4,933.62,9.0,4.0,933.62,5,1,4,514
16660,16,4,1267.6499999999999,16.0,4.0,1267.6499999999999,4,1,4,414
16667,68,2,570.13,68.0,2.0,570.13,3,1,3,313
16668,15,6,306.71999999999997,15.0,6.0,306.71999999999997,4,1,2,412
16669,23,3,1374.8700000000001,23.0,3.0,1374.8700000000001,4,1,4,414
16674,54,2,319.61,54.0,2.0,319.61,3,1,2,312
16682,4,5,1028.0,4.0,5.0,1028.0,5,1,4,514
16685,61,2,324.24,61.0,2.0,324.24,3,1,2,312
16688,1,4,1260.86,1.0,4.0,1260.86,5,1,4,514
16689,75,2,422.59999999999997,75.0,2.0,422.59999999999997,2,1,2,212
16692,256,2,1276.0,256.0,2.0,1276.0,1,1,4,114
16693,68,2,482.01,68.0,2.0,482.01,3,1,3,313
16696,135,4,657.9000000000001,135.0,4.0,657.9000000000001,2,1,3,213
16706,37,3,531.35,37.0,3.0,531.35,3,1,3,313
16708,45,1,656.63,45.0,1.0,656.63,3,1,3,313
16714,218,3,1161.53,218.0,3.0,1161.53,1,1,4,114
16715,78,1,301.71999999999997,78.0,1.0,301.71999999999997,2,1,2,212
16716,266,2,901.2,266.0,2.0,901.2,1,1,4,114
16718,369,1,623.75,368.80999999999995,1.0,623.75,1,1,3,113
16723,91,2,589.15,91.0,2.0,589.15,2,1,3,213
16725,302,7,781.02,302.0,7.0,781.02,1,2,3,123
16726,26,5,1382.02,26.0,5.0,1382.02,4,1,4,414
16728,46,4,1054.67,46.0,4.0,1054.67,3,1,4,314
16730,52,3,743.11,52.0,3.0,743.11,3,1,3,313
16732,31,1,603.75,31.0,1.0,603.75,4,1,3,413
16734,52,3,650.51,52.0,3.0,650.51,3,1,3,313
16737,53,1,417.59999999999997,53.0,1.0,417.59999999999997,3,1,2,312
16739,176,1,323.0,176.0,1.0,323.0,2,1,2,212
16742,46,1,464.9,46.0,1.0,464.9,3,1,2,312
16744,11,7,1304.76,11.0,7.0,1304.76,5,2,4,524
16747,37,2,836.06,37.0,2.0,836.06,3,1,3,313
16748,17,5,1515.9,17.0,5.0,1515.9,4,1,4,414
16750,44,5,623.93,44.0,5.0,623.93,3,1,3,313
16755,114,3,1496.83,114.0,3.0,1496.83,2,1,4,214
16758,65,1,369.34000000000003,65.0,1.0,369.34000000000003,3,1,2,312
16759,7,3,789.79,7.0,3.0,789.79,5,1,3,513
16761,96,1,316.62,96.0,1.0,316.62,2,1,2,212
16762,19,3,1501.38,19.0,3.0,1501.38,4,1,4,414
16763,198,1,611.85,198.0,1.0,611.85,1,1,3,113
16766,273,2,1145.6,273.0,2.0,1145.6,1,1,4,114
16768,47,3,478.09000000000003,47.0,3.0,478.09000000000003,3,1,3,313
16769,260,1,380.39,260.0,1.0,380.39,1,1,2,112
16770,57,5,770.1,57.0,5.0,770.1,3,1,3,313
16774,67,4,661.52,67.0,4.0,661.52,3,1,3,313
16776,60,1,388.28,60.0,1.0,388.28,3,1,2,312
16780,100,2,425.19,100.0,2.0,425.19,2,1,2,212
16781,372,1,311.25,368.80999999999995,1.0,311.25,1,1,2,112
16788,123,2,597.48,123.0,2.0,597.48,2,1,3,213
16790,3,6,1545.6200000000001,3.0,6.0,1545.6200000000001,5,1,4,514
16794,1,10,1222.71,1.0,10.0,1222.71,5,2,4,524
16795,365,1,414.88,365.0,1.0,414.88,1,1,2,112
16796,89,1,305.62,89.0,1.0,305.62,2,1,2,212
16800,11,1,1201.49,11.0,1.0,1201.49,5,1,4,514
16803,65,1,332.3,65.0,1.0,332.3,3,1,2,312
16804,23,3,536.99,23.0,3.0,536.99,4,1,3,413
16805,173,2,460.59,173.0,2.0,460.59,2,1,2,212
16806,103,4,801.49,103.0,4.0,801.49,2,1,3,213
16807,142,3,1121.59,142.0,3.0,1121.59,2,1,4,214
16809,23,5,914.69,23.0,5.0,914.69,4,1,4,414
16810,192,1,309.54,192.0,1.0,309.54,1,1,2,112
16811,4,2,547.07,4.0,2.0,547.07,5,1,3,513
16812,360,1,479.35,360.0,1.0,479.35,1,1,3,113
16816,103,4,417.06,103.0,4.0,417.06,2,1,2,212
16820,95,1,497.61,95.0,1.0,497.61,2,1,3,213
16823,227,1,358.38,227.0,1.0,358.38,1,1,2,112
16824,15,2,460.64,15.0,2.0,460.64,4,1,2,412
16825,38,2,775.1800000000001,38.0,2.0,775.1800000000001,3,1,3,313
16826,51,1,341.7,51.0,1.0,341.7,3,1,2,312
16830,38,1,325.91,38.0,1.0,325.91,3,1,2,312
16833,1,4,1106.53,1.0,4.0,1106.53,5,1,4,514
16834,227,1,413.46,227.0,1.0,413.46,1,1,2,112
16838,197,2,588.85,197.0,2.0,588.85,1,1,3,113
16842,100,3,1264.19,100.0,3.0,1264.19,2,1,4,214
16850,333,1,332.41,333.0,1.0,332.41,1,1,2,112
16851,4,3,342.45,4.0,3.0,342.45,5,1,2,512
16855,23,2,328.4,23.0,2.0,328.4,4,1,2,412
16858,368,1,375.69000000000005,368.0,1.0,375.69000000000005,1,1,2,112
16859,144,2,747.81,144.0,2.0,747.81,2,1,3,213
16863,31,2,502.8,31.0,2.0,502.8,4,1,3,413
16869,22,4,825.42,22.0,4.0,825.42,4,1,3,413
16872,77,3,680.02,77.0,3.0,680.02,2,1,3,213
16877,12,6,853.72,12.0,6.0,853.72,5,1,3,513
16880,30,7,1519.08,30.0,7.0,1519.08,4,2,4,424
16881,66,1,432.0,66.0,1.0,432.0,3,1,2,312
16882,66,3,705.12,66.0,3.0,705.12,3,1,3,313
16884,37,2,429.84000000000003,37.0,2.0,429.84000000000003,3,1,2,312
16885,15,3,471.51,15.0,3.0,471.51,4,1,3,413
16891,1,5,809.7,1.0,5.0,809.7,5,1,3,513
16892,1,5,525.54,1.0,5.0,525.54,5,1,3,513
16898,26,3,508.81,26.0,3.0,508.81,4,1,3,413
16899,7,6,1281.56,7.0,6.0,1281.56,5,1,4,514
16900,16,3,887.11,16.0,3.0,887.11,4,1,3,413
16903,29,1,373.24,29.0,1.0,373.24,4,1,2,412
16906,81,4,579.77,81.0,4.0,579.77,2,1,3,213
16907,29,5,981.65,29.0,5.0,981.65,4,1,4,414
16909,72,1,379.14,72.0,1.0,379.14,2,1,2,212
16910,4,8,1510.06,4.0,8.0,1510.06,5,2,4,524
16915,9,6,621.6800000000001,9.0,6.0,621.6800000000001,5,1,3,513
16916,23,2,576.26,23.0,2.0,576.26,4,1,3,413
16917,276,1,391.52,276.0,1.0,391.52,1,1,2,112
16918,49,6,1068.82,49.0,6.0,1068.82,3,1,4,314
16924,21,3,846.75,21.0,3.0,846.75,4,1,3,413
16927,115,3,543.05,115.0,3.0,543.05,2,1,3,213
16929,3,7,1295.39,3.0,7.0,1295.39,5,2,4,524
16930,26,3,380.55,26.0,3.0,380.55,4,1,2,412
16933,1,2,563.23,1.0,2.0,563.23,5,1,3,513
16934,54,2,950.9300000000001,54.0,2.0,950.9300000000001,3,1,4,314
16943,211,3,816.73,211.0,3.0,816.73,1,1,3,113
16947,235,1,406.48,235.0,1.0,406.48,1,1,2,112
16948,138,3,435.02,138.0,3.0,435.02,2,1,2,212
16949,3,6,1286.27,3.0,6.0,1286.27,5,1,4,514
16950,56,3,1178.56,56.0,3.0,1178.56,3,1,4,314
16951,134,3,1277.75,134.0,3.0,1277.75,2,1,4,214
16955,184,4,518.67,184.0,4.0,518.67,1,1,3,113
16956,17,1,308.74,17.0,1.0,308.74,4,1,2,412
16957,239,2,416.64,239.0,2.0,416.64,1,1,2,112
16960,38,3,507.05,38.0,3.0,507.05,3,1,3,313
16967,189,1,319.02,189.0,1.0,319.02,1,1,2,112
16968,4,2,439.43,4.0,2.0,439.43,5,1,2,512
16969,39,3,650.41,39.0,3.0,650.41,3,1,3,313
16971,38,1,357.21,38.0,1.0,357.21,3,1,2,312
16978,77,1,344.33,77.0,1.0,344.33,2,1,2,212
16980,255,2,1078.96,255.0,2.0,1078.96,1,1,4,114
16982,60,1,384.06,60.0,1.0,384.06,3,1,2,312
16989,7,6,1133.25,7.0,6.0,1133.25,5,1,4,514
16996,30,6,1456.96,30.0,6.0,1456.96,4,1,4,414
16997,288,3,702.0,288.0,3.0,702.0,1,1,3,113
16999,23,2,484.82,23.0,2.0,484.82,4,1,3,413
17002,85,3,1493.73,85.0,3.0,1493.73,2,1,4,214
17004,46,2,1412.94,46.0,2.0,1412.94,3,1,4,314
17006,4,4,781.78,4.0,4.0,781.78,5,1,3,513
17007,50,6,889.9300000000001,50.0,6.0,889.9300000000001,3,1,3,313
17014,8,3,586.33,8.0,3.0,586.33,5,1,3,513
17018,40,2,920.1,40.0,2.0,920.1,3,1,4,314
17019,11,4,1272.61,11.0,4.0,1272.61,5,1,4,514
17025,60,3,357.77,60.0,3.0,357.77,3,1,2,312
17027,78,6,890.29,78.0,6.0,890.29,2,1,3,213
17029,110,2,716.0,110.0,2.0,716.0,2,1,3,213
17031,11,2,380.35,11.0,2.0,380.35,5,1,2,512
17033,86,3,1030.14,86.0,3.0,1030.14,2,1,4,214
17034,16,3,745.52,16.0,3.0,745.52,4,1,3,413
17035,245,2,433.53000000000003,245.0,2.0,433.53000000000003,1,1,2,112
17037,87,1,1267.32,87.0,1.0,1267.32,2,1,4,214
17040,137,1,449.73,137.0,1.0,449.73,2,1,2,212
17041,26,3,1081.57,26.0,3.0,1081.57,4,1,4,414
17042,2,5,1044.3799999999999,2.0,5.0,1044.3799999999999,5,1,4,514
17044,25,1,948.48,25.0,1.0,948.48,4,1,4,414
17045,113,3,339.44,113.0,3.0,339.44,2,1,2,212
17046,157,1,642.02,157.0,1.0,642.02,2,1,3,213
17047,85,3,1100.9,85.0,3.0,1100.9,2,1,4,214
17048,117,3,925.35,117.0,3.0,925.35,2,1,4,214
17052,28,1,413.75,28.0,1.0,413.75,4,1,2,412
17053,130,1,498.48,130.0,1.0,498.48,2,1,3,213
17054,28,5,1356.33,28.0,5.0,1356.33,4,1,4,414
17058,81,3,1179.89,81.0,3.0,1179.89,2,1,4,214
17062,313,4,538.37,313.0,4.0,538.37,1,1,3,113
17063,21,7,1461.14,21.0,7.0,1461.14,4,2,4,424
17064,58,3,859.35,58.0,3.0,859.35,3,1,3,313
17070,114,1,312.14,114.0,1.0,312.14,2,1,2,212
17073,17,4,1446.09,17.0,4.0,1446.09,4,1,4,414
17075,17,4,834.12,17.0,4.0,834.12,4,1,3,413
17076,36,3,841.0799999999999,36.0,3.0,841.0799999999999,3,1,3,313
17078,36,2,378.2,36.0,2.0,378.2,3,1,2,312
17083,109,3,1405.78,109.0,3.0,1405.78,2,1,4,214
17085,123,5,1566.65,123.0,5.0,1566.65,2,1,4,214
17094,322,1,302.0,322.0,1.0,302.0,1,1,2,112
17095,22,3,1324.16,22.0,3.0,1324.16,4,1,4,414
17096,15,4,1022.13,15.0,4.0,1022.13,4,1,4,414
17100,18,2,971.74,18.0,2.0,971.74,4,1,4,414
17105,159,2,665.78,159.0,2.0,665.78,2,1,3,213
17109,29,6,885.04,29.0,6.0,885.04,4,1,3,413
17114,5,8,808.62,5.0,8.0,808.62,5,2,3,523
17115,8,3,837.5,8.0,3.0,837.5,5,1,3,513
17119,3,2,606.91,3.0,2.0,606.91,5,1,3,513
17120,233,1,307.46,233.0,1.0,307.46,1,1,2,112
17123,161,1,345.29999999999995,161.0,1.0,345.29999999999995,2,1,2,212
17126,152,5,1004.75,152.0,5.0,1004.75,2,1,4,214
17134,106,2,425.0,106.0,2.0,425.0,2,1,2,212
17135,16,7,1139.73,16.0,7.0,1139.73,4,2,4,424
17138,275,1,380.5,275.0,1.0,380.5,1,1,2,112
17140,247,1,465.32,247.0,1.0,465.32,1,1,2,112
17142,239,1,579.0,239.0,1.0,579.0,1,1,3,113
17144,1,2,984.57,1.0,2.0,984.57,5,1,4,514
17146,105,3,749.78,105.0,3.0,749.78,2,1,3,213
17154,75,1,329.34,75.0,1.0,329.34,2,1,2,212
17157,7,2,319.0,7.0,2.0,319.0,5,1,2,512
17158,32,3,1266.97,32.0,3.0,1266.97,4,1,4,414
17159,21,3,1538.88,21.0,3.0,1538.88,4,1,4,414
17169,57,2,835.78,57.0,2.0,835.78,3,1,3,313
17172,78,1,317.76,78.0,1.0,317.76,2,1,2,212
17175,44,4,1443.69,44.0,4.0,1443.69,3,1,4,314
17176,201,1,306.13,201.0,1.0,306.13,1,1,2,112
17179,178,3,711.79,178.0,3.0,711.79,2,1,3,213
17180,56,4,796.03,56.0,4.0,796.03,3,1,3,313
17189,106,2,384.40000000000003,106.0,2.0,384.40000000000003,2,1,2,212
17190,58,2,444.74,58.0,2.0,444.74,3,1,2,312
17197,29,1,1013.01,29.0,1.0,1013.01,4,1,4,414
17198,23,3,692.22,23.0,3.0,692.22,4,1,3,413
17201,53,1,342.63,53.0,1.0,342.63,3,1,2,312
17204,175,4,1564.56,175.0,4.0,1564.56,2,1,4,214
17205,53,1,384.08,53.0,1.0,384.08,3,1,2,312
17214,60,6,1069.1200000000001,60.0,6.0,1069.1200000000001,3,1,4,314
17221,7,2,335.13,7.0,2.0,335.13,5,1,2,512
17222,65,1,354.15,65.0,1.0,354.15,3,1,2,312
17223,310,2,426.79,310.0,2.0,426.79,1,1,2,112
17226,308,1,393.49,308.0,1.0,393.49,1,1,2,112
17227,18,6,939.32,18.0,6.0,939.32,4,1,4,414
17229,96,2,318.76,96.0,2.0,318.76,2,1,2,212
17232,2,2,421.52,2.0,2.0,421.52,5,1,2,512
17235,25,2,550.06,25.0,2.0,550.06,4,1,3,413
17236,12,6,916.13,12.0,6.0,916.13,5,1,4,514
17237,11,2,314.69,11.0,2.0,314.69,5,1,2,512
17239,312,1,382.5,312.0,1.0,382.5,1,1,2,112
17242,108,2,1135.04,108.0,2.0,1135.04,2,1,4,214
17244,53,1,954.9,53.0,1.0,954.9,3,1,4,314
17248,120,1,318.65,120.0,1.0,318.65,2,1,2,212
17250,3,2,384.52,3.0,2.0,384.52,5,1,2,512
17252,116,2,353.86,116.0,2.0,353.86,2,1,2,212
17259,148,2,603.37,148.0,2.0,603.37,2,1,3,213
17262,52,5,1253.3600000000001,52.0,5.0,1253.3600000000001,3,1,4,314
17265,138,2,562.9,138.0,2.0,562.9,2,1,3,213
17266,2,3,310.64,2.0,3.0,310.64,5,1,2,512
17267,127,2,317.62,127.0,2.0,317.62,2,1,2,212
17268,107,4,763.64,107.0,4.0,763.64,2,1,3,213
17277,227,2,1065.3500000000001,227.0,2.0,1065.3500000000001,1,1,4,114
17287,26,7,1064.11,26.0,7.0,1064.11,4,2,4,424
17288,9,7,1419.73,9.0,7.0,1419.73,5,2,4,524
17289,31,3,944.41,31.0,3.0,944.41,4,1,4,414
17290,3,2,525.24,3.0,2.0,525.24,5,1,3,513
17291,308,1,550.8000000000001,308.0,1.0,550.8000000000001,1,1,3,113
17295,28,3,556.95,28.0,3.0,556.95,4,1,3,413
17298,101,2,498.42,101.0,2.0,498.42,2,1,3,213
17299,11,4,669.11,11.0,4.0,669.11,5,1,3,513
17302,14,5,1135.63,14.0,5.0,1135.63,4,1,4,414
17311,78,2,1384.85,78.0,2.0,1384.85,2,1,4,214
17312,138,3,644.3,138.0,3.0,644.3,2,1,3,213
17320,100,3,1200.6200000000001,100.0,3.0,1200.6200000000001,2,1,4,214
17321,8,2,700.86,8.0,2.0,700.86,5,1,3,513
17323,15,7,921.07,15.0,7.0,921.07,4,2,4,424
17324,17,4,990.23,17.0,4.0,990.23,4,1,4,414
17329,14,2,523.11,14.0,2.0,523.11,4,1,3,413
17330,22,2,363.9,22.0,2.0,363.9,4,1,2,412
17333,85,1,494.25,85.0,1.0,494.25,2,1,3,213
17334,302,2,307.02,302.0,2.0,307.02,1,1,2,112
17341,156,3,781.36,156.0,3.0,781.36,2,1,3,213
17345,15,4,537.74,15.0,4.0,537.74,4,1,3,413
17348,14,5,1159.52,14.0,5.0,1159.52,4,1,4,414
17350,8,4,1286.07,8.0,4.0,1286.07,5,1,4,514
17351,36,3,587.15,36.0,3.0,587.15,3,1,3,313
17354,50,1,1393.06,50.0,1.0,1393.06,3,1,4,314
17357,24,2,388.14,24.0,2.0,388.14,4,1,2,412
17358,303,2,365.85,303.0,2.0,365.85,1,1,2,112
17360,17,3,585.79,17.0,3.0,585.79,4,1,3,413
17361,49,3,488.2,49.0,3.0,488.2,3,1,3,313
17362,239,2,312.23,239.0,2.0,312.23,1,1,2,112
17370,72,4,446.18,72.0,4.0,446.18,2,1,2,212
17371,17,3,423.89,17.0,3.0,423.89,4,1,2,412
17372,40,8,1342.68,40.0,8.0,1342.68,3,2,4,324
17373,40,4,646.92,40.0,4.0,646.92,3,1,3,313
17374,218,2,495.77,218.0,2.0,495.77,1,1,3,113
17375,199,3,400.1,199.0,3.0,400.1,1,1,2,112
17379,11,1,404.66,11.0,1.0,404.66,5,1,2,512
17384,19,2,336.4,19.0,2.0,336.4,4,1,2,412
17387,19,2,784.11,19.0,2.0,784.11,4,1,3,413
17388,77,4,1259.56,77.0,4.0,1259.56,2,1,4,214
17391,163,2,508.8,163.0,2.0,508.8,2,1,3,213
17392,306,2,457.91,306.0,2.0,457.91,1,1,2,112
17397,22,2,696.41,22.0,2.0,696.41,4,1,3,413
17398,114,3,653.38,114.0,3.0,653.38,2,1,3,213
17405,1,3,1031.41,1.0,3.0,1031.41,5,1,4,514
17409,184,2,771.85,184.0,2.0,771.85,1,1,3,113
17410,16,5,1214.72,16.0,5.0,1214.72,4,1,4,414
17411,12,3,778.94,12.0,3.0,778.94,5,1,3,513
17412,2,7,1258.06,2.0,7.0,1258.06,5,2,4,524
17414,43,2,778.0,43.0,2.0,778.0,3,1,3,313
17415,79,1,507.84,79.0,1.0,507.84,2,1,3,213
17418,42,2,463.46000000000004,42.0,2.0,463.46000000000004,3,1,2,312
17420,50,3,598.83,50.0,3.0,598.83,3,1,3,313
17423,46,2,698.41,46.0,2.0,698.41,3,1,3,313
17425,19,2,759.17,19.0,2.0,759.17,4,1,3,413
17429,128,3,524.9200000000001,128.0,3.0,524.9200000000001,2,1,3,213
17431,313,1,403.3,313.0,1.0,403.3,1,1,2,112
17432,18,2,365.76,18.0,2.0,365.76,4,1,2,412
17433,88,1,303.15999999999997,88.0,1.0,303.15999999999997,2,1,2,212
17438,253,1,388.45000000000005,253.0,1.0,388.45000000000005,1,1,2,112
17447,40,2,541.53,40.0,2.0,541.53,3,1,3,313
17453,17,2,486.71999999999997,17.0,2.0,486.71999999999997,4,1,3,413
17454,192,4,517.53,192.0,4.0,517.53,1,1,3,113
17458,15,1,316.5,15.0,1.0,316.5,4,1,2,412
17459,43,2,657.3,43.0,2.0,657.3,3,1,3,313
17460,94,6,622.4300000000001,94.0,6.0,622.4300000000001,2,1,3,213
17461,22,3,757.46,22.0,3.0,757.46,4,1,3,413
17462,60,2,675.69,60.0,2.0,675.69,3,1,3,313
17466,10,2,763.28,10.0,2.0,763.28,5,1,3,513
17470,44,5,1125.07,44.0,5.0,1125.07,3,1,4,314
17472,191,3,710.29,191.0,3.0,710.29,1,1,3,113
17480,77,1,511.82,77.0,1.0,511.82,2,1,3,213
17481,3,4,1255.59,3.0,4.0,1255.59,5,1,4,514
17483,65,3,414.04,65.0,3.0,414.04,3,1,2,312
17486,261,1,396.87,261.0,1.0,396.87,1,1,2,112
17489,58,2,376.64,58.0,2.0,376.64,3,1,2,312
17492,248,1,374.57,248.0,1.0,374.57,1,1,2,112
17495,7,2,497.56,7.0,2.0,497.56,5,1,3,513
17499,289,1,622.88,289.0,1.0,622.88,1,1,3,113
17500,17,3,1138.0,17.0,3.0,1138.0,4,1,4,414
17502,9,4,689.1,9.0,4.0,689.1,5,1,3,513
17503,2,2,558.96,2.0,2.0,558.96,5,1,3,513
17505,161,2,1145.84,161.0,2.0,1145.84,2,1,4,214
17506,75,1,302.2,75.0,1.0,302.2,2,1,2,212
17507,261,2,605.58,261.0,2.0,605.58,1,1,3,113
17510,24,1,308.48,24.0,1.0,308.48,4,1,2,412
17513,72,1,513.2,72.0,1.0,513.2,2,1,3,213
17515,31,4,639.02,31.0,4.0,639.02,4,1,3,413
17516,15,5,768.08,15.0,5.0,768.08,4,1,3,413
17520,53,1,546.81,53.0,1.0,546.81,3,1,3,313
17521,29,3,723.2099999999999,29.0,3.0,723.2099999999999,4,1,3,413
17522,1,5,1070.71,1.0,5.0,1070.71,5,1,4,514
17523,11,4,652.74,11.0,4.0,652.74,5,1,3,513
17525,359,1,422.70000000000005,359.0,1.0,422.70000000000005,1,1,2,112
17526,4,4,1195.8999999999999,4.0,4.0,1195.8999999999999,5,1,4,514
17527,53,4,939.37,53.0,4.0,939.37,3,1,4,314
17537,29,2,897.62,29.0,2.0,897.62,4,1,3,413
17540,24,2,578.9,24.0,2.0,578.9,4,1,3,413
17545,43,3,645.96,43.0,3.0,645.96,3,1,3,313
17551,359,1,306.84,359.0,1.0,306.84,1,1,2,112
17552,60,4,930.41,60.0,4.0,930.41,3,1,4,314
17553,129,1,1487.6,129.0,1.0,1487.6,2,1,4,214
17555,19,2,483.26,19.0,2.0,483.26,4,1,3,413
17557,14,3,541.46,14.0,3.0,541.46,4,1,3,413
17560,94,4,854.95,94.0,4.0,854.95,2,1,3,213
17562,14,7,1122.38,14.0,7.0,1122.38,4,2,4,424
17564,24,3,454.01,24.0,3.0,454.01,4,1,2,412
17566,8,2,901.21,8.0,2.0,901.21,5,1,4,514
17569,332,1,344.14,332.0,1.0,344.14,1,1,2,112
17571,50,4,1498.51,50.0,4.0,1498.51,3,1,4,314
17573,29,3,380.6,29.0,3.0,380.6,4,1,2,412
17579,4,3,448.90000000000003,4.0,3.0,448.90000000000003,5,1,2,512
17584,7,2,1242.3,7.0,2.0,1242.3,5,1,4,514
17585,109,4,1133.07,109.0,4.0,1133.07,2,1,4,214
17588,100,3,1240.2,100.0,3.0,1240.2,2,1,4,214
17590,2,3,1479.22,2.0,3.0,1479.22,5,1,4,514
17594,85,2,993.18,85.0,2.0,993.18,2,1,4,214
17595,12,2,388.79,12.0,2.0,388.79,5,1,2,512
17603,78,1,394.72,78.0,1.0,394.72,2,1,2,212
17604,217,2,309.36,217.0,2.0,309.36,1,1,2,112
17609,40,5,1112.22,40.0,5.0,1112.22,3,1,4,314
17614,57,1,390.07,57.0,1.0,390.07,3,1,2,312
17615,130,3,329.6,130.0,3.0,329.6,2,1,2,212
17616,173,3,571.1999999999999,173.0,3.0,571.1999999999999,2,1,3,213
17618,5,3,971.58,5.0,3.0,971.58,5,1,4,514
17621,21,3,1379.9,21.0,3.0,1379.9,4,1,4,414
17623,32,1,527.0500000000001,32.0,1.0,527.0500000000001,4,1,3,413
17624,14,2,843.48,14.0,2.0,843.48,4,1,3,413
17630,169,2,503.59999999999997,169.0,2.0,503.59999999999997,2,1,3,213
17631,1,3,528.33,1.0,3.0,528.33,5,1,3,513
17633,31,4,1324.84,31.0,4.0,1324.84,4,1,4,414
17637,31,2,547.0600000000001,31.0,2.0,547.0600000000001,4,1,3,413
17640,86,1,621.66,86.0,1.0,621.66,2,1,3,213
17642,119,2,712.29,119.0,2.0,712.29,2,1,3,213
17646,219,3,1008.39,219.0,3.0,1008.39,1,1,4,114
17649,138,1,868.49,138.0,1.0,868.49,2,1,3,213
17653,36,4,1207.56,36.0,4.0,1207.56,3,1,4,314
17658,25,2,595.42,25.0,2.0,595.42,4,1,3,413
17664,18,2,604.64,18.0,2.0,604.64,4,1,3,413
17666,3,2,728.16,3.0,2.0,728.16,5,1,3,513
17668,1,2,347.75,1.0,2.0,347.75,5,1,2,512
17671,15,4,1572.71,15.0,4.0,1572.71,4,1,4,414
17674,74,2,551.04,74.0,2.0,551.04,2,1,3,213
17676,4,6,1387.68,4.0,6.0,1387.68,5,1,4,514
17692,127,4,740.9399999999999,127.0,4.0,740.9399999999999,2,1,3,213
17695,131,2,765.34,131.0,2.0,765.34,2,1,3,213
17697,236,1,338.95,236.0,1.0,338.95,1,1,2,112
17701,252,1,417.95,252.0,1.0,417.95,1,1,2,112
17703,35,3,798.74,35.0,3.0,798.74,3,1,3,313
17704,168,2,885.19,168.0,2.0,885.19,2,1,3,213
17711,10,2,385.1,10.0,2.0,385.1,5,1,2,512
17712,44,1,522.91,44.0,1.0,522.91,3,1,3,313
17715,200,1,326.4,200.0,1.0,326.4,1,1,2,112
17720,26,4,1195.94,26.0,4.0,1195.94,4,1,4,414
17724,71,3,1033.0,71.0,3.0,1033.0,3,1,4,314
17727,15,1,1060.25,15.0,1.0,1060.25,4,1,4,414
17731,79,4,1240.11,79.0,4.0,1240.11,2,1,4,214
17732,372,1,303.97,368.80999999999995,1.0,303.97,1,1,2,112
17733,38,2,692.19,38.0,2.0,692.19,3,1,3,313
17734,53,3,700.63,53.0,3.0,700.63,3,1,3,313
17736,9,3,377.44,9.0,3.0,377.44,5,1,2,512
17742,113,2,355.11,113.0,2.0,355.11,2,1,2,212
17749,178,2,674.52,178.0,2.0,674.52,2,1,3,213
17759,17,3,834.99,17.0,3.0,834.99,4,1,3,413
17761,32,1,712.78,32.0,1.0,712.78,4,1,3,413
17764,50,2,818.8199999999999,50.0,2.0,818.8199999999999,3,1,3,313
17765,158,3,371.88,158.0,3.0,371.88,2,1,2,212
17770,198,5,1143.27,198.0,5.0,1143.27,1,1,4,114
17774,96,4,1225.41,96.0,4.0,1225.41,2,1,4,214
17777,24,3,665.86,24.0,3.0,665.86,4,1,3,413
17779,21,3,658.57,21.0,3.0,658.57,4,1,3,413
17788,73,2,1117.9,73.0,2.0,1117.9,2,1,4,214
17793,25,1,323.04,25.0,1.0,323.04,4,1,2,412
17795,179,2,350.39,179.0,2.0,350.39,1,1,2,112
17796,40,4,697.9,40.0,4.0,697.9,3,1,3,313
17797,22,3,780.43,22.0,3.0,780.43,4,1,3,413
17800,37,9,1199.01,37.0,9.0,1199.01,3,2,4,324
17802,82,3,1285.04,82.0,3.0,1285.04,2,1,4,214
17805,73,1,512.31,73.0,1.0,512.31,2,1,3,213
17806,11,1,546.04,11.0,1.0,546.04,5,1,3,513
17812,12,4,732.16,12.0,4.0,732.16,5,1,3,513
17817,4,3,387.68,4.0,3.0,387.68,5,1,2,512
17830,1,3,398.7,1.0,3.0,398.7,5,1,2,512
17835,2,3,350.64,2.0,3.0,350.64,5,1,2,512
17839,42,1,338.8,42.0,1.0,338.8,3,1,2,312
17848,81,9,901.1999999999999,81.0,9.0,901.1999999999999,2,2,4,224
17849,218,4,605.8000000000001,218.0,4.0,605.8000000000001,1,1,3,113
17854,185,2,311.26,185.0,2.0,311.26,1,1,2,112
17856,1,4,1418.03,1.0,4.0,1418.03,5,1,4,514
17862,323,1,330.9,323.0,1.0,330.9,1,1,2,112
17864,12,3,597.5,12.0,3.0,597.5,5,1,3,513
17866,142,1,329.65,142.0,1.0,329.65,2,1,2,212
17867,30,6,1197.1000000000001,30.0,6.0,1197.1000000000001,4,1,4,414
17869,107,5,428.18,107.0,5.0,428.18,2,1,2,212
17874,185,6,683.46,185.0,6.0,683.46,1,1,3,113
17878,43,1,379.45,43.0,1.0,379.45,3,1,2,312
17880,364,1,458.92,364.0,1.0,458.92,1,1,2,112
17883,3,4,671.77,3.0,4.0,671.77,5,1,3,513
17884,3,4,717.45,3.0,4.0,717.45,5,1,3,513
17886,31,3,899.61,31.0,3.0,899.61,4,1,4,414
17888,21,8,726.05,21.0,8.0,726.05,4,2,3,423
17890,322,2,602.09,322.0,2.0,602.09,1,1,3,113
17894,71,8,1119.81,71.0,8.0,1119.81,3,2,4,324
17897,172,3,566.6,172.0,3.0,566.6,2,1,3,213
17905,71,4,800.24,71.0,4.0,800.24,3,1,3,313
17911,9,1,366.23,9.0,1.0,366.23,5,1,2,512
17912,310,5,311.01,310.0,5.0,311.01,1,1,2,112
17913,58,2,411.6,58.0,2.0,411.6,3,1,2,312
17914,3,1,336.43,3.0,1.0,336.43,5,1,2,512
17917,45,3,341.28,45.0,3.0,341.28,3,1,2,312
17919,88,1,1304.04,88.0,1.0,1304.04,2,1,4,214
17921,64,4,826.52,64.0,4.0,826.52,3,1,3,313
17926,133,2,397.29,133.0,2.0,397.29,2,1,2,212
17929,11,4,843.0,11.0,4.0,843.0,5,1,3,513
17931,134,2,408.36,134.0,2.0,408.36,2,1,2,212
17932,29,3,1331.57,29.0,3.0,1331.57,4,1,4,414
17934,51,2,704.25,51.0,2.0,704.25,3,1,3,313
17936,5,1,389.84,5.0,1.0,389.84,5,1,2,512
17941,130,1,304.56,130.0,1.0,304.56,2,1,2,212
17948,147,1,358.56000000000006,147.0,1.0,358.56000000000006,2,1,2,212
17950,72,3,482.2,72.0,3.0,482.2,2,1,3,213
17951,39,3,1008.5400000000001,39.0,3.0,1008.5400000000001,3,1,4,314
17955,198,4,557.3,198.0,4.0,557.3,1,1,3,113
17958,116,1,508.4599999999999,116.0,1.0,508.4599999999999,2,1,3,213
17961,21,39,1296.44,21.0,29.809999999999945,1296.44,4,5,4,454
17964,31,2,471.7,31.0,2.0,471.7,4,1,3,413
17966,37,5,1098.43,37.0,5.0,1098.43,3,1,4,314
17970,211,1,582.59,211.0,1.0,582.59,1,1,3,113
17973,51,1,337.04,51.0,1.0,337.04,3,1,2,312
17974,24,3,740.79,24.0,3.0,740.79,4,1,3,413
17976,372,1,353.19,368.80999999999995,1.0,353.19,1,1,2,112
17978,365,1,300.91999999999996,365.0,1.0,300.91999999999996,1,1,2,112
17979,35,4,757.71,35.0,4.0,757.71,3,1,3,313
17980,165,3,811.45,165.0,3.0,811.45,2,1,3,213
17985,22,1,634.95,22.0,1.0,634.95,4,1,3,413
17990,236,3,630.84,236.0,3.0,630.84,1,1,3,113
17994,121,4,678.49,121.0,4.0,678.49,2,1,3,213
17999,37,2,382.06,37.0,2.0,382.06,3,1,2,312
18001,12,2,417.23,12.0,2.0,417.23,5,1,2,512
18006,23,1,444.68,23.0,1.0,444.68,4,1,2,412
18016,32,5,1483.56,32.0,5.0,1483.56,4,1,4,414
18017,81,3,523.0,81.0,3.0,523.0,2,1,3,213
18022,35,1,668.11,35.0,1.0,668.11,3,1,3,313
18024,152,2,389.78,152.0,2.0,389.78,2,1,2,212
18034,21,2,422.88,21.0,2.0,422.88,4,1,2,412
18035,35,3,730.4,35.0,3.0,730.4,3,1,3,313
18036,32,3,405.62,32.0,3.0,405.62,4,1,2,412
18040,19,2,357.20000000000005,19.0,2.0,357.20000000000005,4,1,2,412
18043,24,3,559.51,24.0,3.0,559.51,4,1,3,413
18056,288,1,363.65,288.0,1.0,363.65,1,1,2,112
18059,23,3,306.46,23.0,3.0,306.46,4,1,2,412
18062,173,3,720.52,173.0,3.0,720.52,2,1,3,213
18064,133,2,814.0,133.0,2.0,814.0,2,1,3,213
18066,75,1,318.0,75.0,1.0,318.0,2,1,2,212
18067,40,1,396.33,40.0,1.0,396.33,3,1,2,312
18071,257,2,453.0,257.0,2.0,453.0,1,1,2,112
18074,373,1,489.6,368.80999999999995,1.0,489.6,1,1,3,113
18078,217,2,336.13,217.0,2.0,336.13,1,1,2,112
18080,18,2,1231.5,18.0,2.0,1231.5,4,1,4,414
18081,36,3,343.45,36.0,3.0,343.45,3,1,2,312
18082,25,1,703.37,25.0,1.0,703.37,4,1,3,413
18085,330,2,689.95,330.0,2.0,689.95,1,1,3,113
18095,312,2,580.0500000000001,312.0,2.0,580.0500000000001,1,1,3,113
18096,11,3,911.15,11.0,3.0,911.15,5,1,4,514
18104,37,1,754.64,37.0,1.0,754.64,3,1,3,313
18106,329,1,430.7,329.0,1.0,430.7,1,1,2,112
18112,12,2,352.69,12.0,2.0,352.69,5,1,2,512
18116,67,8,1418.03,67.0,8.0,1418.03,3,2,4,324
18117,25,1,320.72,25.0,1.0,320.72,4,1,2,412
18121,149,2,673.1,149.0,2.0,673.1,2,1,3,213
18123,24,2,589.4399999999999,24.0,2.0,589.4399999999999,4,1,3,413
18125,29,4,1142.99,29.0,4.0,1142.99,4,1,4,414
18127,19,3,348.73,19.0,3.0,348.73,4,1,2,412
18130,15,3,1059.39,15.0,3.0,1059.39,4,1,4,414
18133,212,1,931.4999999999999,212.0,1.0,931.4999999999999,1,1,4,114
18135,29,5,681.9100000000001,29.0,5.0,681.9100000000001,4,1,3,413
18136,63,3,784.33,63.0,3.0,784.33,3,1,3,313
18142,157,2,1019.52,157.0,2.0,1019.52,2,1,4,214
18143,116,2,1000.16,116.0,2.0,1000.16,2,1,4,214
18149,50,3,612.0799999999999,50.0,3.0,612.0799999999999,3,1,3,313
18150,32,3,566.58,32.0,3.0,566.58,4,1,3,413
18151,134,2,653.35,134.0,2.0,653.35,2,1,3,213
18154,3,2,399.19,3.0,2.0,399.19,5,1,2,512
18155,75,3,371.62,75.0,3.0,371.62,2,1,2,212
18156,12,2,734.94,12.0,2.0,734.94,5,1,3,513
18158,9,2,453.4,9.0,2.0,453.4,5,1,2,512
18159,301,1,530.15,301.0,1.0,530.15,1,1,3,113
18160,57,2,638.0600000000001,57.0,2.0,638.0600000000001,3,1,3,313
18164,37,1,399.65000000000003,37.0,1.0,399.65000000000003,3,1,2,312
18165,177,1,302.46000000000004,177.0,1.0,302.46000000000004,2,1,2,212
18167,23,3,1384.8600000000001,23.0,3.0,1384.8600000000001,4,1,4,414
18168,176,6,1169.94,176.0,6.0,1169.94,2,1,4,214
18170,33,3,980.31,33.0,3.0,980.31,3,1,4,314
18171,58,5,1231.31,58.0,5.0,1231.31,3,1,4,314
18176,358,1,476.35,358.0,1.0,476.35,1,1,3,113
18177,31,6,1341.42,31.0,6.0,1341.42,4,1,4,414
18181,24,1,382.8,24.0,1.0,382.8,4,1,2,412
18183,227,2,632.07,227.0,2.0,632.07,1,1,3,113
18185,249,1,304.25,249.0,1.0,304.25,1,1,2,112
18189,77,2,1090.24,77.0,2.0,1090.24,2,1,4,214
18192,71,1,957.97,71.0,1.0,957.97,3,1,4,314
18194,82,1,973.8399999999999,82.0,1.0,973.8399999999999,2,1,4,214
18196,95,2,689.13,95.0,2.0,689.13,2,1,3,213
18202,199,3,1396.99,199.0,3.0,1396.99,1,1,4,114
18205,36,2,517.36,36.0,2.0,517.36,3,1,3,313
18211,25,5,600.07,25.0,5.0,600.07,4,1,3,413
18216,31,1,481.75,31.0,1.0,481.75,4,1,3,413
18217,29,2,621.75,29.0,2.0,621.75,4,1,3,413
18218,211,2,662.08,211.0,2.0,662.08,1,1,3,113
18220,226,1,305.28000000000003,226.0,1.0,305.28000000000003,1,1,2,112
18221,22,5,1041.61,22.0,5.0,1041.61,4,1,4,414
18222,92,1,443.0,92.0,1.0,443.0,2,1,2,212
18228,56,2,779.9,56.0,2.0,779.9,3,1,3,313
18232,81,4,592.97,81.0,4.0,592.97,2,1,3,213
18233,325,1,440.0,325.0,1.0,440.0,1,1,2,112
18236,29,6,882.24,29.0,6.0,882.24,4,1,3,413
18237,2,5,987.1,2.0,5.0,987.1,5,1,4,514
18239,218,5,1561.6100000000001,218.0,5.0,1561.6100000000001,1,1,4,114
18240,46,1,422.58,46.0,1.0,422.58,3,1,2,312
18246,23,2,596.1,23.0,2.0,596.1,4,1,3,413
18248,122,2,804.02,122.0,2.0,804.02,2,1,3,213
18250,310,1,349.27,310.0,1.0,349.27,1,1,2,112
18252,50,2,526.67,50.0,2.0,526.67,3,1,3,313
18261,43,2,324.24,43.0,2.0,324.24,3,1,2,312
18263,25,3,1213.1599999999999,25.0,3.0,1213.1599999999999,4,1,4,414
18265,72,2,801.51,72.0,2.0,801.51,2,1,3,213
18276,43,1,335.86,43.0,1.0,335.86,3,1,2,312
