customer_id,Recency,Frequency,Monetary,R_Score,F_Score,M_Score,RFM_Score
C00000,37,8,2465.0,1,2,3,123
C00001,24,8,1049.0,2,2,1,221
C00002,21,6,2283.0,2,1,2,212
C00003,47,5,967.75,1,1,1,111
C00004,11,7,6803.590000000002,4,2,5,425
C00005,14,12,4703.4,3,4,4,344
C00006,16,7,4703.0,3,2,4,324
C00007,5,12,2426.3,5,4,3,543
C00008,20,6,3144.0,2,1,3,213
C00009,24,5,1421.0,2,1,2,212
C00010,27,13,1600.0,2,4,2,242
C00011,10,6,1101.0,4,1,1,411
C00012,23,13,4595.0,2,4,4,244
C00013,5,7,1990.0,5,2,2,522
C00014,5,11,3426.92,5,3,3,533
C00015,3,14,3399.5,5,4,3,543
C00016,18,8,6160.0,3,2,5,325
C00017,3,11,5148.920000000001,5,3,4,534
C00018,20,8,4559.5,2,2,4,224
C00019,36,9,2221.25,2,3,2,232
C00020,6,8,1673.63,5,2,2,522
C00021,44,6,1804.0,1,1,2,112
C00022,8,18,12486.94,4,5,5,455
C00023,8,8,3202.0,4,2,3,423
C00024,40,10,6087.620000000001,1,3,5,135
C00025,71,4,648.5,1,1,1,111
C00026,13,15,5834.0,3,5,5,355
C00027,9,7,2010.0,4,2,2,422
C00028,42,11,2623.54,1,3,3,133
C00029,9,15,15454.2,4,5,5,455
C00030,8,15,10324.37,4,5,5,455
C00031,14,15,10042.470000000001,3,5,5,355
C00032,7,6,1043.13,4,1,1,411
C00033,5,9,1265.5,5,3,1,531
C00034,8,18,13678.610000000004,4,5,5,455
C00035,30,6,2768.9,2,1,3,213
C00036,2,8,1583.0,5,2,2,522
C00037,30,9,3830.5,2,3,4,234
C00038,14,10,3917.75,3,3,4,334
C00039,4,6,1555.0,5,1,2,512
C00040,4,17,7559.0,5,5,5,555
C00041,7,12,6534.6,4,4,5,445
C00042,20,12,1843.1,2,4,2,242
C00043,3,10,1492.0,5,3,2,532
C00044,50,5,1408.6,1,1,2,112
C00045,6,16,5366.9,5,5,4,554
C00046,4,7,1526.0,5,2,2,522
C00047,43,8,1085.58,1,2,1,121
C00048,7,4,1900.0,4,1,2,412
C00049,10,8,7536.75,4,2,5,425
C00050,45,10,1285.0,1,3,1,131
C00051,45,10,2400.0,1,3,3,133
C00052,3,5,1137.5,5,1,1,511
C00053,2,8,15597.410000000003,5,2,5,525
C00054,58,2,914.0,1,1,1,111
C00055,21,9,2889.0,2,3,3,233
C00056,5,19,6532.5,5,5,5,555
C00057,101,6,15795.350000000006,1,1,5,115
C00058,36,7,13262.5,2,2,5,225
C00059,7,6,820.25,4,1,1,411
C00060,7,14,4287.25,4,4,4,444
C00061,5,15,10630.940000000002,5,5,5,555
C00062,35,6,1250.0,2,1,1,211
C00063,80,7,5443.940000000002,1,2,4,124
C00064,23,2,174.0,2,1,1,211
C00065,27,5,1496.0,2,1,2,212
C00066,19,2,491.3,3,1,1,311
C00067,20,13,4346.900000000001,2,4,4,244
C00068,49,7,4070.65,1,2,4,124
C00069,48,3,540.5,1,1,1,111
C00070,16,11,3030.15,3,3,3,333
C00071,19,18,8480.8,3,5,5,355
C00072,20,17,7455.1,2,5,5,255
C00073,10,18,4667.37,4,5,4,454
C00074,9,8,1847.0,4,2,2,422
C00075,27,3,351.5,2,1,1,211
C00076,4,15,5480.32,5,5,4,554
C00077,11,15,4317.0,4,5,4,454
C00078,7,8,3832.720000000001,4,2,4,424
C00079,2,8,1058.0,5,2,1,521
C00080,4,15,7810.0,5,5,5,555
C00081,27,6,1081.15,2,1,1,211
C00082,47,7,1108.75,1,2,1,121
C00083,8,15,1780.5500000000002,4,5,2,452
C00084,21,13,5134.0,2,4,4,244
C00085,5,17,6463.72,5,5,5,555
C00086,2,19,5343.780000000001,5,5,4,554
C00087,3,5,1574.0,5,1,2,512
C00088,14,9,5132.96,3,3,4,334
C00089,55,8,5504.5,1,2,4,124
C00090,7,15,7776.3,4,5,5,455
C00091,11,16,6721.59,4,5,5,455
C00092,19,8,1524.0,3,2,2,322
C00093,4,6,1416.04,5,1,2,512
C00094,15,10,2547.95,3,3,3,333
C00095,9,5,1502.95,4,1,2,412
C00096,4,10,3329.9,5,3,3,533
C00097,7,13,5102.2,4,4,4,444
C00098,6,17,5483.0,5,5,4,554
C00099,16,7,1968.0,3,2,2,322
C00100,21,11,2344.0,2,3,3,233
C00101,21,11,5610.5,2,3,4,234
C00102,46,7,2052.1,1,2,2,122
C00103,13,9,4500.0,3,3,4,334
C00104,8,5,2005.6,4,1,2,412
C00105,25,6,2257.32,2,1,2,212
C00106,69,3,240.0,1,1,1,111
C00107,7,12,1135.0,4,4,1,441
C00108,62,2,98.0,1,1,1,111
C00109,12,2,360.0,3,1,1,311
C00110,12,9,3293.11,3,3,3,333
C00111,2,11,1985.0,5,3,2,532
C00112,5,10,3289.0,5,3,3,533
C00113,25,11,4581.0,2,3,4,234
C00114,18,14,3125.0,3,4,3,343
C00115,63,3,3716.470000000001,1,1,3,113
C00116,18,2,703.0,3,1,1,311
C00117,53,11,12632.130000000005,1,3,5,135
C00118,20,4,2589.4,2,1,3,213
C00119,34,7,986.0,2,2,1,221
C00120,12,4,1144.0,3,1,1,311
C00121,19,12,9357.0,3,4,5,345
C00122,49,8,1302.75,1,2,1,121
C00123,6,13,11877.0,5,4,5,545
C00124,67,3,2973.0,1,1,3,113
C00125,14,16,5089.2,3,5,4,354
C00126,28,9,2629.0,2,3,3,233
C00127,52,6,2163.2,1,1,2,112
C00128,6,11,5595.06,5,3,4,534
C00129,23,9,1988.0,2,3,2,232
C00130,4,9,4381.15,5,3,4,534
C00131,30,16,8329.0,2,5,5,255
C00132,7,8,2721.0,4,2,3,423
C00133,19,15,7583.43,3,5,5,355
C00134,36,12,3144.35,2,4,3,243
C00135,3,8,1026.4,5,2,1,521
C00136,23,5,1355.72,2,1,2,212
C00137,25,9,9605.18,2,3,5,235
C00138,4,13,4835.0,5,4,4,544
C00139,31,11,4435.120000000001,2,3,4,234
C00140,50,8,2147.65,1,2,2,122
C00141,46,9,7852.940000000002,1,3,5,135
C00142,20,5,1264.0,2,1,1,211
C00143,18,7,3216.0,3,2,3,323
C00144,4,14,5400.0,5,4,4,544
C00145,34,6,784.0,2,1,1,211
C00146,8,10,3936.0,4,3,4,434
C00147,4,15,5875.0,5,5,5,555
C00148,30,9,1536.0,2,3,2,232
C00149,16,19,10586.0,3,5,5,355
C00150,20,6,730.0,2,1,1,211
C00151,67,5,4215.0,1,1,4,114
C00152,4,7,1341.5,5,2,2,522
C00153,28,3,1031.0,2,1,1,211
C00154,31,14,11712.75,2,4,5,245
C00155,36,3,459.25,2,1,1,211
C00156,3,3,1020.0,5,1,1,511
C00157,11,13,2032.7,4,4,2,442
C00158,21,10,1413.2,2,3,2,232
C00159,3,8,1178.0,5,2,1,521
C00160,9,9,6944.690000000002,4,3,5,435
C00161,2,5,1405.0,5,1,2,512
C00162,22,12,6384.2,2,4,5,245
C00163,61,6,1223.0,1,1,1,111
C00164,2,12,3749.85,5,4,3,543
C00165,27,4,885.2,2,1,1,211
C00166,4,12,4851.0,5,4,4,544
C00167,35,4,585.0,2,1,1,211
C00168,15,14,7701.3200000000015,3,4,5,345
C00169,24,12,11328.16,2,4,5,245
C00170,87,4,895.0,1,1,1,111
C00171,25,8,3296.0,2,2,3,223
C00172,85,3,536.2,1,1,1,111
C00173,32,3,1030.0,2,1,1,211
C00174,18,14,10999.0,3,4,5,345
C00175,2,8,3687.65,5,2,3,523
C00176,10,16,5144.0,4,5,4,454
C00177,14,15,4304.0,3,5,4,354
C00178,21,17,11034.0,2,5,5,255
C00179,38,11,5590.0,1,3,4,134
C00180,68,4,443.5,1,1,1,111
C00181,23,2,1093.0,2,1,1,211
C00182,10,10,2002.0,4,3,2,432
C00183,36,7,2424.0,2,2,3,223
C00184,3,5,1120.0,5,1,1,511
C00185,17,5,1365.25,3,1,2,312
C00186,56,5,2714.25,1,1,3,113
C00187,40,3,568.9,1,1,1,111
C00188,7,9,1667.5,4,3,2,432
C00189,18,7,3878.0,3,2,4,324
C00190,6,12,2454.5,5,4,3,543
C00191,34,2,2235.0,2,1,2,212
C00192,10,14,2700.0,4,4,3,443
C00193,12,16,4974.15,3,5,4,354
C00194,10,19,6886.8,4,5,5,455
C00195,15,14,6302.15,3,4,5,345
C00196,15,11,5960.0,3,3,5,335
C00197,2,12,6183.5,5,4,5,545
C00198,9,14,15114.820000000007,4,4,5,445
C00199,5,15,4354.37,5,5,4,554
C00200,5,13,4714.5700000000015,5,4,4,544
C00201,22,14,4413.52,2,4,4,244
C00202,43,2,169.0,1,1,1,111
C00203,12,12,4610.72,3,4,4,344
C00204,65,5,3304.0,1,1,3,113
C00205,7,12,8773.55,4,4,5,445
C00206,18,6,765.0,3,1,1,311
C00207,27,7,2030.0,2,2,2,222
C00208,28,10,4440.0,2,3,4,234
C00209,7,11,1642.7,4,3,2,432
C00210,32,8,5720.940000000002,2,2,4,224
C00211,18,14,7203.940000000002,3,4,5,345
C00212,9,5,1129.5,4,1,1,411
C00213,90,2,725.0,1,1,1,111
C00214,21,2,307.0,2,1,1,211
C00215,63,7,2866.0,1,2,3,123
C00216,6,14,9307.410000000003,5,4,5,545
C00217,15,10,378.0,3,3,1,331
C00218,19,6,1666.0,3,1,2,312
C00219,15,14,8040.0,3,4,5,345
C00220,4,13,790.0,5,4,1,541
C00221,8,7,1981.25,4,2,2,422
C00222,2,5,4863.470000000001,5,1,4,514
C00223,62,6,1456.74,1,1,2,112
C00224,32,8,2487.0,2,2,3,223
C00225,20,2,1275.5,2,1,1,211
C00226,7,8,6583.0,4,2,5,425
C00227,10,10,2465.75,4,3,3,433
C00228,3,2,517.0,5,1,1,511
C00229,14,18,8467.0,3,5,5,355
C00230,26,7,1660.0,2,2,2,222
C00231,66,3,73.0,1,1,1,111
C00232,10,9,2255.0,4,3,2,432
C00233,6,15,18722.820000000007,5,5,5,555
C00234,22,12,4109.0,2,4,4,244
C00235,59,15,10786.430000000002,1,5,5,155
C00236,15,10,6676.0,3,3,5,335
C00237,3,6,1762.0,5,1,2,512
C00238,30,5,825.09,2,1,1,211
C00239,11,5,1613.55,4,1,2,412
C00240,5,13,3924.2,5,4,4,544
C00241,10,16,10157.440000000002,4,5,5,455
C00242,54,7,1688.3,1,2,2,122
C00243,22,7,4411.18,2,2,4,224
C00244,8,19,5349.22,4,5,4,454
C00245,23,7,3408.5,2,2,3,223
C00246,11,9,1521.0,4,3,2,432
C00247,16,3,803.0,3,1,1,311
C00248,38,12,3372.2,1,4,3,143
C00249,5,13,2190.0,5,4,2,542
C00250,72,6,1496.0,1,1,2,112
C00251,6,16,8718.490000000002,5,5,5,555
C00252,47,14,2340.25,1,4,3,143
C00253,12,8,2218.0,3,2,2,322
C00254,37,14,5187.3,1,4,4,144
C00255,9,6,792.0,4,1,1,411
C00256,5,13,3976.4,5,4,4,544
C00257,58,5,1376.0,1,1,2,112
C00258,30,8,3623.0,2,2,3,223
C00259,22,3,979.0,2,1,1,211
C00260,2,17,10843.24,5,5,5,555
C00261,4,7,930.0,5,2,1,521
C00262,13,5,2628.0,3,1,3,313
C00263,18,14,25505.0,3,4,5,345
C00264,16,7,1420.7,3,2,2,322
C00265,3,8,1707.0,5,2,2,522
C00266,37,2,515.0,1,1,1,111
C00267,5,6,3251.470000000001,5,1,3,513
C00268,30,4,1746.0,2,1,2,212
C00269,50,12,4793.0,1,4,4,144
C00270,49,5,532.0,1,1,1,111
C00271,2,6,2210.0,5,1,2,512
C00272,17,11,3282.8,3,3,3,333
C00273,60,6,663.0,1,1,1,111
C00274,18,12,8632.9,3,4,5,345
C00275,48,10,5364.5,1,3,4,134
C00276,4,14,4240.0,5,4,4,544
C00277,12,9,4832.93,3,3,4,334
C00278,8,14,9878.7,4,4,5,445
C00279,31,7,1385.0,2,2,2,222
C00280,3,4,1943.0,5,1,2,512
C00281,34,13,5768.25,2,4,4,244
C00282,7,17,13126.5,4,5,5,455
C00283,26,14,3994.0,2,4,4,244
C00284,23,8,2006.04,2,2,2,222
C00285,32,8,3283.25,2,2,3,223
C00286,11,9,4457.0,4,3,4,434
C00287,44,11,5288.4,1,3,4,134
C00288,8,16,4523.7,4,5,4,454
C00289,5,8,2030.0,5,2,2,522
C00290,4,8,1664.3,5,2,2,522
C00291,23,9,1258.0,2,3,1,231
C00292,6,13,2024.0,5,4,2,542
C00293,8,12,5148.1,4,4,4,444
C00294,9,14,9594.440000000002,4,4,5,445
C00295,3,2,198.0,5,1,1,511
C00296,18,8,8703.0,3,2,5,325
C00297,16,16,3321.95,3,5,3,353
C00298,15,6,2726.52,3,1,3,313
C00299,63,4,998.0,1,1,1,111
C00300,3,14,8023.0,5,4,5,545
C00301,3,14,7165.89,5,4,5,545
C00302,27,2,3443.0499999999997,2,1,3,213
C00303,22,19,5080.1,2,5,4,254
C00304,8,10,2456.0,4,3,3,433
C00305,11,3,779.0,4,1,1,411
C00306,11,14,6386.21,4,4,5,445
C00307,10,13,5485.4,4,4,4,444
C00308,14,12,6010.4,3,4,5,345
C00309,20,6,3709.12,2,1,3,213
C00310,61,3,328.0,1,1,1,111
C00311,8,6,2220.3,4,1,2,412
C00312,16,10,697.0,3,3,1,331
C00313,62,11,4759.5,1,3,4,134
C00314,2,10,2013.0,5,3,2,532
C00315,6,5,888.0,5,1,1,511
C00316,12,7,2424.0,3,2,3,323
C00317,2,10,5187.0,5,3,4,534
C00318,14,8,4340.5,3,2,4,324
C00319,10,15,4486.6,4,5,4,454
C00320,30,10,3869.2,2,3,4,234
C00321,17,6,1362.0,3,1,2,312
C00322,13,11,3513.2,3,3,3,333
C00323,3,9,2163.0,5,3,2,532
C00324,42,9,1252.0,1,3,1,131
C00325,9,11,2747.2,4,3,3,433
C00326,3,10,6098.7,5,3,5,535
C00327,4,18,14431.910000000003,5,5,5,555
C00328,8,15,9773.470000000001,4,5,5,455
C00329,12,5,375.0,3,1,1,311
C00330,7,7,1690.88,4,2,2,422
C00331,8,7,1045.9,4,2,1,421
C00332,3,15,4884.78,5,5,4,554
C00333,23,6,1080.0,2,1,1,211
C00334,8,18,5215.14,4,5,4,454
C00335,6,4,2747.0,5,1,3,513
C00336,7,13,6330.0,4,4,5,445
C00337,42,2,524.0,1,1,1,111
C00338,24,6,735.6,2,1,1,211
C00339,12,8,2006.0,3,2,2,322
C00340,5,6,778.0,5,1,1,511
C00341,57,4,3375.0,1,1,3,113
C00342,6,9,2561.0,5,3,3,533
C00343,39,2,421.0,1,1,1,111
C00344,5,6,5587.940000000002,5,1,4,514
C00345,9,14,6177.77,4,4,5,445
C00346,6,6,874.1,5,1,1,511
C00347,38,4,633.8,1,1,1,111
C00348,28,12,3521.5,2,4,3,243
C00349,7,8,1361.1,4,2,2,422
C00350,7,15,7560.370000000002,4,5,5,455
C00351,40,4,1461.4,1,1,2,112
C00352,10,12,2196.0,4,4,2,442
C00353,20,11,3741.5,2,3,3,233
C00354,23,9,2279.5,2,3,2,232
C00355,9,7,1129.0,4,2,1,421
C00356,12,13,5209.25,3,4,4,344
C00357,22,15,12449.140000000003,2,5,5,255
C00358,7,3,1118.6,4,1,1,411
C00359,8,8,3020.25,4,2,3,423
C00360,8,9,2425.75,4,3,3,433
C00361,10,12,4259.0,4,4,4,444
C00362,120,6,1934.0,1,1,2,112
C00363,2,17,6418.7,5,5,5,555
C00364,11,8,1672.17,4,2,2,422
C00365,25,6,10851.450000000004,2,1,5,215
C00366,16,12,5988.26,3,4,5,345
C00367,7,13,6887.1,4,4,5,445
C00368,34,12,3228.5,2,4,3,243
C00369,14,7,1675.0,3,2,2,322
C00370,7,14,5835.0,4,4,5,445
C00371,6,15,6790.5,5,5,5,555
C00372,25,3,671.15,2,1,1,211
C00373,13,5,2419.25,3,1,3,313
C00374,30,13,8040.0,2,4,5,245
C00375,76,8,3348.1,1,2,3,123
C00376,8,6,1878.0,4,1,2,412
C00377,9,13,3136.0,4,4,3,443
C00378,41,10,2833.19,1,3,3,133
C00379,13,18,9041.470000000001,3,5,5,355
C00380,63,5,3191.8,1,1,3,113
C00381,32,13,7440.0,2,4,5,245
C00382,16,6,3271.0,3,1,3,313
C00383,12,14,4020.0,3,4,4,344
C00384,13,14,10389.470000000001,3,4,5,345
C00385,3,14,5937.000000000002,5,4,5,545
C00386,11,7,4090.0,4,2,4,424
C00387,21,13,5340.25,2,4,4,244
C00388,7,7,6546.0,4,2,5,425
C00389,3,10,3336.0,5,3,3,533
C00390,9,9,1564.05,4,3,2,432
C00391,56,6,1775.0,1,1,2,112
C00392,24,2,82.0,2,1,1,211
C00393,2,7,2202.0,5,2,2,522
C00394,134,3,417.0,1,1,1,111
C00395,11,17,6011.3,4,5,5,455
C00396,5,14,7238.620000000001,5,4,5,545
C00397,8,9,5379.0,4,3,4,434
C00398,3,12,6465.2,5,4,5,545
C00399,14,9,9155.410000000003,3,3,5,335
C00400,2,19,5605.5,5,5,4,554
C00401,6,8,4827.65,5,2,4,524
C00402,27,17,9902.62,2,5,5,255
C00403,17,19,8638.0,3,5,5,355
C00404,2,16,4170.8,5,5,4,554
C00405,10,14,6218.2,4,4,5,445
C00406,12,15,5362.0,3,5,4,354
C00407,2,9,1329.0,5,3,2,532
C00408,60,5,656.0,1,1,1,111
C00409,3,15,5778.8,5,5,5,555
C00410,28,9,2351.5,2,3,3,233
C00411,18,10,2188.5,3,3,2,332
C00412,14,9,3608.0,3,3,3,333
C00413,14,6,2160.0,3,1,2,312
C00414,10,9,3540.6,4,3,3,433
C00415,10,16,7292.1,4,5,5,455
C00416,4,12,8214.96,5,4,5,545
C00417,48,10,3397.6,1,3,3,133
C00418,4,11,5197.1,5,3,4,534
C00419,36,8,2646.6,2,2,3,223
C00420,88,2,439.5,1,1,1,111
C00421,12,8,2667.5,3,2,3,323
C00422,28,5,1334.09,2,1,2,212
C00423,65,7,5696.0,1,2,4,124
C00424,3,6,2320.0,5,1,3,513
C00425,8,6,1839.75,4,1,2,412
C00426,44,3,241.34,1,1,1,111
C00427,7,8,1753.9,4,2,2,422
C00428,68,3,1421.0,1,1,2,112
C00429,12,13,5077.0,3,4,4,344
C00430,8,9,2661.0,4,3,3,433
C00431,7,8,1653.3,4,2,2,422
C00432,8,9,1694.0,4,3,2,432
C00433,28,8,2656.0,2,2,3,223
C00434,35,7,4966.5,2,2,4,224
C00435,6,7,1035.0,5,2,1,521
C00436,9,8,3812.48,4,2,3,423
C00437,17,8,2166.0,3,2,2,322
C00438,24,9,1373.4,2,3,2,232
C00439,20,9,5113.5,2,3,4,234
C00440,11,5,1126.67,4,1,1,411
C00441,70,4,462.0,1,1,1,111
C00442,100,7,1414.5,1,2,2,122
C00443,2,15,2626.55,5,5,3,553
C00444,17,13,6705.0,3,4,5,345
C00445,50,10,2156.5,1,3,2,132
C00446,8,9,2063.0,4,3,2,432
C00447,7,8,2648.0,4,2,3,423
C00448,14,9,1886.0,3,3,2,332
C00449,25,13,16630.0,2,4,5,245
C00450,31,12,4056.0,2,4,4,244
C00451,54,12,17494.649999999998,1,4,5,145
C00452,9,17,4778.15,4,5,4,454
C00453,157,3,624.15,1,1,1,111
C00454,3,5,2111.0,5,1,2,512
C00455,35,8,3317.0,2,2,3,223
C00456,11,13,12411.0,4,4,5,445
C00457,8,8,1994.0,4,2,2,422
C00458,32,5,2555.0,2,1,3,213
C00459,6,2,267.5,5,1,1,511
C00460,3,8,2501.0,5,2,3,523
C00461,59,5,1624.0,1,1,2,112
C00462,24,8,4503.470000000001,2,2,4,224
C00463,13,6,3355.0,3,1,3,313
C00464,3,14,5585.05,5,4,4,544
C00465,9,6,600.0,4,1,1,411
C00466,6,2,395.0,5,1,1,511
C00467,7,14,7440.25,4,4,5,445
C00468,95,2,1154.0,1,1,1,111
C00469,21,3,1068.0,2,1,1,211
C00470,12,9,2710.0,3,3,3,333
C00471,48,17,7935.450000000001,1,5,5,155
C00472,79,10,1682.5,1,3,2,132
C00473,7,15,5102.3,4,5,4,454
C00474,17,9,1563.0,3,3,2,332
C00475,20,3,594.0,2,1,1,211
C00476,23,13,4825.0,2,4,4,244
C00477,15,13,1992.0,3,4,2,342
C00478,70,3,338.0,1,1,1,111
C00479,12,7,2602.5,3,2,3,323
C00480,21,8,1770.0,2,2,2,222
C00481,3,19,6380.71,5,5,5,555
C00482,38,4,1982.3,1,1,2,112
C00483,70,9,2704.0,1,3,3,133
C00484,2,19,7264.4,5,5,5,555
C00485,9,11,5962.85,4,3,5,435
C00486,3,9,6352.65,5,3,5,535
C00487,37,13,3308.45,1,4,3,143
C00488,40,5,2610.3,1,1,3,113
C00489,11,4,1895.0,4,1,2,412
C00490,39,15,2938.0,1,5,3,153
C00491,12,12,4277.4,3,4,4,344
C00492,15,6,1136.0,3,1,1,311
C00493,18,12,2547.76,3,4,3,343
C00494,5,11,5545.0,5,3,4,534
C00495,7,7,1585.75,4,2,2,422
C00496,9,15,7480.0,4,5,5,455
C00497,33,11,4474.3099999999995,2,3,4,234
C00498,28,3,994.4,2,1,1,211
C00499,64,9,4933.0,1,3,4,134
C00500,8,7,5351.9,4,2,4,424
C00501,47,5,1563.5,1,1,2,112
C00502,48,3,227.0,1,1,1,111
C00503,31,5,3964.0,2,1,4,214
C00504,11,12,2747.5,4,4,3,443
C00505,4,8,5822.75,5,2,5,525
C00506,6,9,2911.0,5,3,3,533
C00507,12,14,22769.0,3,4,5,345
C00508,12,14,5734.2,3,4,4,344
C00509,46,11,6960.0,1,3,5,135
C00510,39,13,4230.6,1,4,4,144
C00511,5,9,3102.6,5,3,3,533
C00512,10,7,1648.0,4,2,2,422
C00513,74,3,477.0,1,1,1,111
C00514,6,17,7830.0,5,5,5,555
C00515,5,18,10396.04,5,5,5,555
C00516,5,12,6144.0,5,4,5,545
C00517,21,8,1506.5,2,2,2,222
C00518,4,12,5055.0,5,4,4,544
C00519,32,7,3582.6,2,2,3,223
C00520,33,2,343.0,2,1,1,211
C00521,21,13,1967.0,2,4,2,242
C00522,4,5,1256.5,5,1,1,511
C00523,12,11,1910.5,3,3,2,332
C00524,5,8,1714.0,5,2,2,522
C00525,28,7,1981.4,2,2,2,222
C00526,7,6,1088.0,4,1,1,411
C00527,21,13,9120.0,2,4,5,245
C00528,20,10,3096.0,2,3,3,233
C00529,45,6,2067.06,1,1,2,112
C00530,2,9,6872.0,5,3,5,535
C00531,4,14,4074.5,5,4,4,544
C00532,23,10,1420.3,2,3,2,232
C00533,28,7,1860.2,2,2,2,222
C00534,26,7,1715.0,2,2,2,222
C00535,24,14,1320.0,2,4,2,242
C00536,48,7,9993.0,1,2,5,125
C00537,66,6,3195.0,1,1,3,113
C00538,7,17,6801.6,4,5,5,455
C00539,33,9,4179.0,2,3,4,234
C00540,32,8,1119.0,2,2,1,221
C00541,16,9,6563.9900000000025,3,3,5,335
C00542,28,10,1825.0,2,3,2,232
C00543,49,5,1638.4,1,1,2,112
C00544,29,13,1144.0,2,4,1,241
C00545,47,5,1356.0,1,1,2,112
C00546,65,9,2582.0,1,3,3,133
C00547,8,9,6547.0,4,3,5,435
C00548,10,6,1699.3,4,1,2,412
C00549,23,13,4082.98,2,4,4,244
C00550,11,13,4516.66,4,4,4,444
C00551,35,14,3725.5,2,4,3,243
C00552,21,13,1970.15,2,4,2,242
C00553,114,2,273.0,1,1,1,111
C00554,74,7,2854.1,1,2,3,123
C00555,19,14,6446.0,3,4,5,345
C00556,13,10,2808.6,3,3,3,333
C00557,12,6,738.62,3,1,1,311
C00558,24,13,2538.15,2,4,3,243
C00559,13,5,755.1,3,1,1,311
C00560,20,12,3858.1,2,4,4,244
C00561,2,5,828.25,5,1,1,511
C00562,13,12,5748.0,3,4,4,344
C00563,71,7,4167.6,1,2,4,124
C00564,18,14,6821.980000000001,3,4,5,345
C00565,28,17,10063.1,2,5,5,255
C00566,24,9,2045.0,2,3,2,232
C00567,2,11,13166.470000000001,5,3,5,535
C00568,11,9,1787.0,4,3,2,432
C00569,6,13,2710.0,5,4,3,543
C00570,40,9,1596.0,1,3,2,132
C00571,2,15,6189.5,5,5,5,555
C00572,15,14,6396.0,3,4,5,345
C00573,11,16,9442.08,4,5,5,455
C00574,5,8,12996.350000000006,5,2,5,525
C00575,24,6,4701.0,2,1,4,214
C00576,24,8,4607.16,2,2,4,224
C00577,22,3,268.0,2,1,1,211
C00578,5,19,9434.0,5,5,5,555
C00579,5,3,324.0,5,1,1,511
C00580,56,5,1021.5,1,1,1,111
C00581,12,16,3459.6,3,5,3,353
C00582,5,4,2306.0,5,1,2,512
C00583,7,13,19518.0,4,4,5,445
C00584,4,9,2288.6,5,3,2,532
C00585,36,9,2790.0,2,3,3,233
C00586,4,6,1382.7,5,1,2,512
C00587,2,7,1907.5,5,2,2,522
C00588,3,6,4008.470000000001,5,1,4,514
C00589,15,9,6959.26,3,3,5,335
C00590,68,5,123.0,1,1,1,111
C00591,12,10,1167.0,3,3,1,331
C00592,15,5,1473.55,3,1,2,312
C00593,24,9,1413.3,2,3,2,232
C00594,9,12,4069.5,4,4,4,444
C00595,3,17,4650.5,5,5,4,554
C00596,8,10,5040.0,4,3,4,434
C00597,16,12,1125.22,3,4,1,341
C00598,45,11,2932.62,1,3,3,133
C00599,14,7,3283.0,3,2,3,323
C00600,11,7,3787.0,4,2,3,423
C00601,27,12,3115.0,2,4,3,243
C00602,11,9,5142.470000000001,4,3,4,434
C00603,7,15,7812.75,4,5,5,455
C00604,14,8,1514.0,3,2,2,322
C00605,3,10,3669.220000000001,5,3,3,533
C00606,39,5,498.0,1,1,1,111
C00607,19,6,2898.5,3,1,3,313
C00608,12,8,1457.0,3,2,2,322
C00609,17,16,14741.65,3,5,5,355
C00610,5,13,10429.440000000002,5,4,5,545
C00611,52,6,2369.0,1,1,3,113
C00612,6,18,7086.9,5,5,5,555
C00613,6,6,15798.0,5,1,5,515
C00614,2,14,1957.7,5,4,2,542
C00615,12,4,1756.2,3,1,2,312
C00616,46,3,540.5,1,1,1,111
C00617,13,9,2662.0,3,3,3,333
C00618,10,6,2210.0,4,1,2,412
C00619,5,9,3396.15,5,3,3,533
C00620,19,13,9830.61,3,4,5,345
C00621,14,7,1380.0,3,2,2,322
C00622,54,11,4768.0,1,3,4,134
C00623,36,8,1884.3999999999999,2,2,2,222
C00624,21,7,2902.0,2,2,3,223
C00625,8,5,2470.0,4,1,3,413
C00626,17,10,5426.0,3,3,4,334
C00627,26,9,1927.73,2,3,2,232
C00628,8,12,8177.6,4,4,5,445
C00629,8,16,4876.2,4,5,4,454
C00630,67,5,4982.95,1,1,4,114
C00631,35,6,802.0,2,1,1,211
C00632,12,8,5273.75,3,2,4,324
C00633,11,4,1070.0,4,1,1,411
C00634,34,11,9995.0,2,3,5,235
C00635,9,7,1371.68,4,2,2,422
C00636,8,16,4200.98,4,5,4,454
C00637,8,14,3389.0,4,4,3,443
C00638,59,13,2478.42,1,4,3,143
C00639,67,2,494.14,1,1,1,111
C00640,16,13,5181.55,3,4,4,344
C00641,11,17,5127.5,4,5,4,454
C00642,17,15,6208.2,3,5,5,355
C00643,102,5,2409.0,1,1,3,113
C00644,18,12,4391.7,3,4,4,344
C00645,30,11,5057.25,2,3,4,234
C00646,5,16,5669.0,5,5,4,554
C00647,12,9,1875.0,3,3,2,332
C00648,30,8,5170.0,2,2,4,224
C00649,12,19,4891.2,3,5,4,354
C00650,19,7,2723.8,3,2,3,323
C00651,17,3,512.1,3,1,1,311
C00652,9,7,1196.2,4,2,1,421
C00653,16,8,2025.3899999999999,3,2,2,322
C00654,28,11,2664.4,2,3,3,233
C00655,8,15,3355.0,4,5,3,453
C00656,10,10,1085.0,4,3,1,431
C00657,2,6,1390.6,5,1,2,512
C00658,31,8,1579.0,2,2,2,222
C00659,92,4,331.5,1,1,1,111
C00660,2,15,2203.5,5,5,2,552
C00661,62,3,1849.0,1,1,2,112
C00662,17,8,3823.0,3,2,3,323
C00663,10,11,3011.95,4,3,3,433
C00664,46,9,5467.2,1,3,4,134
C00665,148,2,266.0,1,1,1,111
C00666,9,15,4360.0,4,5,4,454
C00667,15,5,3083.5,3,1,3,313
C00668,8,11,2373.0,4,3,3,433
C00669,46,11,4148.6,1,3,4,134
C00670,49,5,1150.65,1,1,1,111
C00671,51,3,579.0,1,1,1,111
C00672,26,9,2649.2200000000003,2,3,3,233
C00673,15,16,6004.05,3,5,5,355
C00674,4,9,1049.25,5,3,1,531
C00675,8,11,3229.0,4,3,3,433
C00676,29,12,9065.970000000001,2,4,5,245
C00677,21,7,1730.0,2,2,2,222
C00678,2,13,2193.0,5,4,2,542
C00679,6,17,5040.24,5,5,4,554
C00680,12,19,9544.1,3,5,5,355
C00681,17,7,1538.75,3,2,2,322
C00682,20,14,5542.36,2,4,4,244
C00683,5,8,1090.0,5,2,1,521
C00684,23,5,6247.0,2,1,5,215
C00685,12,7,7867.470000000001,3,2,5,325
C00686,9,11,6512.0,4,3,5,435
C00687,6,14,994.0,5,4,1,541
C00688,40,7,3772.0,1,2,3,123
C00689,14,14,4292.1,3,4,4,344
C00690,66,3,752.0,1,1,1,111
C00691,4,7,980.0,5,2,1,521
C00692,23,12,4065.71,2,4,4,244
C00693,21,9,7018.0,2,3,5,235
C00694,101,3,3407.4,1,1,3,113
C00695,73,3,271.75,1,1,1,111
C00696,11,18,5933.5,4,5,5,455
C00697,42,6,1866.4,1,1,2,112
C00698,14,8,1744.0,3,2,2,322
C00699,116,3,274.0,1,1,1,111
C00700,21,11,1878.0,2,3,2,232
C00701,13,8,1654.0,3,2,2,322
C00702,13,8,3544.75,3,2,3,323
C00703,6,2,309.0,5,1,1,511
C00704,53,8,2815.0,1,2,3,123
C00705,7,14,10127.5,4,4,5,445
C00706,5,13,3682.5,5,4,3,543
C00707,14,12,3741.3,3,4,3,343
C00708,83,3,1133.0,1,1,1,111
C00709,2,6,577.5,5,1,1,511
C00710,16,6,1376.75,3,1,2,312
C00711,4,14,810.04,5,4,1,541
C00712,10,11,924.75,4,3,1,431
C00713,48,6,1006.6,1,1,1,111
C00714,42,5,1471.0,1,1,2,112
C00715,24,9,3934.1,2,3,4,234
C00716,12,8,1510.8,3,2,2,322
C00717,31,19,8278.94,2,5,5,255
C00718,14,6,7052.5,3,1,5,315
C00719,9,9,3600.0,4,3,3,433
C00720,2,14,8343.9,5,4,5,545
C00721,13,9,2075.0,3,3,2,332
C00722,28,10,3355.1,2,3,3,233
C00723,13,6,2649.5,3,1,3,313
C00724,4,6,725.0,5,1,1,511
C00725,2,18,7283.74,5,5,5,555
C00726,36,15,5766.54,2,5,4,254
C00727,11,12,2285.0,4,4,2,442
C00728,36,3,1064.0,2,1,1,211
C00729,16,8,3584.5,3,2,3,323
C00730,2,15,26982.0,5,5,5,555
C00731,3,15,6488.5700000000015,5,5,5,555
C00732,7,17,10598.660000000002,4,5,5,455
C00733,15,13,6788.5,3,4,5,345
C00734,10,15,2401.25,4,5,3,453
C00735,41,14,3902.0,1,4,4,144
C00736,37,6,2305.5,1,1,2,112
C00737,3,16,4264.79,5,5,4,554
C00738,3,13,3270.36,5,4,3,543
C00739,13,9,2708.0,3,3,3,333
C00740,6,11,4328.5,5,3,4,534
C00741,14,16,4662.12,3,5,4,354
C00742,3,11,3449.45,5,3,3,533
C00743,24,8,4312.08,2,2,4,224
C00744,32,9,3708.5,2,3,3,233
C00745,10,12,6905.0,4,4,5,445
C00746,14,8,1261.6,3,2,1,321
C00747,19,14,5070.5,3,4,4,344
C00748,53,5,2477.5,1,1,3,113
C00749,2,5,2880.25,5,1,3,513
C00750,19,7,3416.0,3,2,3,323
C00751,7,12,2779.98,4,4,3,443
C00752,25,10,5675.46,2,3,4,234
C00753,5,13,3346.15,5,4,3,543
C00754,3,10,8001.470000000001,5,3,5,535
C00755,14,10,775.0,3,3,1,331
C00756,21,12,7206.25,2,4,5,245
C00757,18,11,4635.15,3,3,4,334
C00758,12,5,727.0,3,1,1,311
C00759,4,10,2530.0,5,3,3,533
C00760,26,11,2925.0,2,3,3,233
C00761,5,12,2743.5,5,4,3,543
C00762,4,11,8580.0,5,3,5,535
C00763,14,12,5309.5,3,4,4,344
C00764,12,13,5895.2,3,4,5,345
C00765,27,9,7265.0,2,3,5,235
C00766,2,15,3656.0,5,5,3,553
C00767,13,12,4841.0,3,4,4,344
C00768,11,6,850.91,4,1,1,411
C00769,26,2,1482.0,2,1,2,212
C00770,10,6,4386.0,4,1,4,414
C00771,9,8,1671.6,4,2,2,422
C00772,24,4,1482.98,2,1,2,212
C00773,10,19,6874.84,4,5,5,455
C00774,24,15,4357.0,2,5,4,254
C00775,2,10,2192.0,5,3,2,532
C00776,22,8,4012.55,2,2,4,224
C00777,38,7,1495.0,1,2,2,122
C00778,4,19,6564.68,5,5,5,555
C00779,23,8,2118.2,2,2,2,222
C00780,12,9,1341.9,3,3,2,332
C00781,3,5,2650.0,5,1,3,513
C00782,6,6,1174.0,5,1,1,511
C00783,13,15,5001.15,3,5,4,354
C00784,4,14,6547.0,5,4,5,545
C00785,2,11,3198.3,5,3,3,533
C00786,3,7,24788.890000000007,5,2,5,525
C00787,7,9,3331.0,4,3,3,433
C00788,9,10,3227.0,4,3,3,433
C00789,7,12,5380.0,4,4,4,444
C00790,41,2,288.0,1,1,1,111
C00791,22,11,1972.0,2,3,2,232
C00792,27,5,2383.24,2,1,3,213
C00793,14,15,6246.8,3,5,5,355
C00794,33,13,6859.96,2,4,5,245
C00795,9,4,474.0,4,1,1,411
C00796,7,10,3527.0,4,3,3,433
C00797,10,11,7529.67,4,3,5,435
C00798,39,7,2945.0,1,2,3,123
C00799,55,2,245.0,1,1,1,111
C00800,37,11,4343.54,1,3,4,134
C00801,13,8,1205.25,3,2,1,321
C00802,23,8,4655.75,2,2,4,224
C00803,132,4,720.0,1,1,1,111
C00804,3,15,3199.6,5,5,3,553
C00805,28,6,600.0,2,1,1,211
C00806,24,6,1693.0,2,1,2,212
C00807,13,11,1370.0,3,3,2,332
C00808,3,6,1188.0,5,1,1,511
C00809,52,10,1755.6,1,3,2,132
C00810,9,13,4782.84,4,4,4,444
C00811,23,6,1368.0,2,1,2,212
C00812,30,11,5867.3600000000015,2,3,5,235
C00813,140,2,330.0,1,1,1,111
C00814,49,4,1072.0,1,1,1,111
C00815,6,17,4756.83,5,5,4,554
C00816,30,8,2346.0,2,2,3,223
C00817,31,10,5611.79,2,3,4,234
C00818,16,13,4435.0,3,4,4,344
C00819,35,8,10089.470000000001,2,2,5,225
C00820,32,9,976.5,2,3,1,231
C00821,64,9,2046.75,1,3,2,132
C00822,36,4,1320.0,2,1,2,212
C00823,9,15,5286.0,4,5,4,454
C00824,10,14,3314.0,4,4,3,443
C00825,16,8,3879.8,3,2,4,324
C00826,72,8,10131.0,1,2,5,125
C00827,8,8,8161.4100000000035,4,2,5,425
C00828,56,6,3103.2,1,1,3,113
C00829,6,14,3642.54,5,4,3,543
C00830,6,13,4353.35,5,4,4,544
C00831,96,2,1300.0,1,1,1,111
C00832,5,15,5132.05,5,5,4,554
C00833,4,7,3036.5,5,2,3,523
C00834,14,16,5063.1,3,5,4,354
C00835,15,18,5669.25,3,5,4,354
C00836,5,14,10778.0,5,4,5,545
C00837,7,11,5747.95,4,3,4,434
C00838,27,11,5007.85,2,3,4,234
C00839,13,18,8505.37,3,5,5,355
C00840,24,12,8053.470000000001,2,4,5,245
C00841,8,10,4026.85,4,3,4,434
C00842,16,9,2361.0,3,3,3,333
C00843,11,6,3475.0,4,1,3,413
C00844,113,1,179.0,1,1,1,111
C00845,3,8,1358.0,5,2,2,522
C00846,62,9,2928.5,1,3,3,133
C00847,57,2,418.0,1,1,1,111
C00848,34,12,5532.1,2,4,4,244
C00849,6,19,6614.7,5,5,5,555
C00850,27,8,1441.82,2,2,2,222
C00851,47,9,4136.5,1,3,4,134
C00852,19,11,3825.98,3,3,3,333
C00853,14,18,8334.0,3,5,5,355
C00854,15,11,7230.0,3,3,5,335
C00855,24,9,3450.0,2,3,3,233
C00856,5,7,3903.0,5,2,4,524
C00857,74,3,130.0,1,1,1,111
C00858,4,11,3186.0,5,3,3,533
C00859,3,7,2004.5,5,2,2,522
C00860,9,11,2520.0,4,3,3,433
C00861,36,10,8251.940000000002,2,3,5,235
C00862,38,11,2241.0,1,3,2,132
C00863,16,11,2345.0,3,3,3,333
C00864,12,18,6678.3,3,5,5,355
C00865,111,3,1658.0,1,1,2,112
C00866,25,13,8301.1,2,4,5,245
C00867,41,4,145.0,1,1,1,111
C00868,6,9,1065.0,5,3,1,531
C00869,22,5,1664.5,2,1,2,212
C00870,33,13,981.0,2,4,1,241
C00871,9,8,832.0,4,2,1,421
C00872,46,9,1222.0,1,3,1,131
C00873,9,12,2999.0,4,4,3,443
C00874,21,17,10689.35,2,5,5,255
C00875,8,13,31937.640000000014,4,4,5,445
C00876,43,11,5493.5,1,3,4,134
C00877,35,11,1537.0,2,3,2,232
C00878,53,14,4666.0,1,4,4,144
C00879,53,2,580.0,1,1,1,111
C00880,20,18,7444.55,2,5,5,255
C00881,2,11,7283.0,5,3,5,535
C00882,5,14,7241.36,5,4,5,545
C00883,6,8,1270.0,5,2,1,521
C00884,47,12,5300.1,1,4,4,144
C00885,118,2,963.1,1,1,1,111
C00886,5,13,3959.0,5,4,4,544
C00887,17,6,6172.900000000001,3,1,5,315
C00888,7,5,2240.0,4,1,2,412
C00889,10,16,4326.25,4,5,4,454
C00890,94,4,948.0,1,1,1,111
C00891,38,6,400.0,1,1,1,111
C00892,9,15,2335.15,4,5,3,453
C00893,9,6,943.5,4,1,1,411
C00894,11,6,2582.0,4,1,3,413
C00895,11,17,8885.8,4,5,5,455
C00896,23,7,1840.3,2,2,2,222
C00897,6,13,1910.0,5,4,2,542
C00898,4,19,11598.240000000002,5,5,5,555
C00899,3,7,3055.5,5,2,3,523
C00900,30,10,5101.0,2,3,4,234
C00901,130,4,1948.5,1,1,2,112
C00902,3,6,3419.0,5,1,3,513
C00903,118,2,175.0,1,1,1,111
C00904,45,6,2073.0,1,1,2,112
C00905,7,18,5661.07,4,5,4,454
C00906,50,7,1940.0,1,2,2,122
C00907,18,11,1729.0,3,3,2,332
C00908,10,14,2231.0,4,4,2,442
C00909,32,2,729.0,2,1,1,211
C00910,52,5,936.0,1,1,1,111
C00911,23,14,5316.2,2,4,4,244
C00912,18,7,1356.0,3,2,2,322
C00913,76,8,1252.0,1,2,1,121
C00914,56,6,1184.2,1,1,1,111
C00915,84,6,1530.5,1,1,2,112
C00916,7,19,5014.860000000001,4,5,4,454
C00917,5,10,2954.5,5,3,3,533
C00918,5,11,2241.0,5,3,2,532
C00919,11,17,10681.74,4,5,5,455
C00920,22,11,3028.5,2,3,3,233
C00921,12,12,4594.25,3,4,4,344
C00922,5,9,3012.0,5,3,3,533
C00923,21,8,1402.5,2,2,2,222
C00924,7,16,4844.25,4,5,4,454
C00925,54,4,649.0,1,1,1,111
C00926,9,14,4024.6,4,4,4,444
C00927,8,12,5034.0,4,4,4,444
C00928,33,15,3483.0,2,5,3,253
C00929,42,13,4747.0,1,4,4,144
C00930,12,3,2080.0,3,1,2,312
C00931,8,13,3202.7200000000003,4,4,3,443
C00932,4,15,4745.6,5,5,4,554
C00933,17,9,5423.75,3,3,4,334
C00934,7,8,3206.1,4,2,3,423
C00935,18,14,2867.1,3,4,3,343
C00936,105,2,2900.0,1,1,3,113
C00937,9,8,1987.76,4,2,2,422
C00938,20,7,1473.0,2,2,2,222
C00939,27,7,1170.0,2,2,1,221
C00940,9,10,9128.94,4,3,5,435
C00941,65,5,402.0,1,1,1,111
C00942,9,12,1657.5,4,4,2,442
C00943,4,13,3901.62,5,4,4,544
C00944,9,7,1110.0,4,2,1,421
C00945,35,15,3380.0,2,5,3,253
C00946,43,15,7691.4,1,5,5,155
C00947,17,15,8606.440000000002,3,5,5,355
C00948,15,7,1883.0,3,2,2,322
C00949,49,7,8520.0,1,2,5,125
C00950,15,8,944.5,3,2,1,321
C00951,29,18,6614.25,2,5,5,255
C00952,3,6,1455.5,5,1,2,512
C00953,19,6,599.25,3,1,1,311
C00954,19,15,4812.770000000001,3,5,4,354
C00955,4,10,3891.25,5,3,4,534
C00956,3,15,3413.2000000000003,5,5,3,553
C00957,79,3,675.0,1,1,1,111
C00958,7,8,4290.0,4,2,4,424
C00959,11,8,4268.470000000001,4,2,4,424
C00960,12,12,3440.2,3,4,3,343
C00961,18,12,1765.0,3,4,2,342
C00962,6,18,5985.9800000000005,5,5,5,555
C00963,21,8,1395.0,2,2,2,222
C00964,3,7,3284.2,5,2,3,523
C00965,12,8,1927.5,3,2,2,322
C00966,36,3,1197.33,2,1,1,211
C00967,47,6,2639.0,1,1,3,113
C00968,13,17,7934.75,3,5,5,355
C00969,10,8,1350.25,4,2,2,422
C00970,48,3,1178.0,1,1,1,111
C00971,14,12,5752.970000000001,3,4,4,344
C00972,9,13,5015.0,4,4,4,444
C00973,19,5,740.0,3,1,1,311
C00974,13,9,2725.0,3,3,3,333
C00975,3,13,20782.5,5,4,5,545
C00976,8,12,5780.0,4,4,5,445
C00977,43,9,2035.0,1,3,2,132
C00978,11,13,4228.5,4,4,4,444
C00979,16,10,5704.5,3,3,4,334
C00980,47,10,3782.4,1,3,3,133
C00981,77,6,1489.0,1,1,2,112
C00982,45,7,5496.0,1,2,4,124
C00983,15,2,367.0,3,1,1,311
C00984,5,11,6586.0,5,3,5,535
C00985,12,14,12153.390000000003,3,4,5,345
C00986,12,18,7074.25,3,5,5,355
C00987,10,2,248.0,4,1,1,411
C00988,20,15,5275.6,2,5,4,254
C00989,154,2,685.0,1,1,1,111
C00990,90,2,598.2,1,1,1,111
C00991,7,7,390.0,4,2,1,421
C00992,39,2,1476.5,1,1,2,112
C00993,46,9,2485.92,1,3,3,133
C00994,33,12,2974.5,2,4,3,243
C00995,45,6,1235.6,1,1,1,111
C00996,48,8,4272.5,1,2,4,124
C00997,50,9,3278.0,1,3,3,133
C00998,8,16,3983.35,4,5,4,454
C00999,7,7,928.1,4,2,1,421
C01000,14,14,3218.2,3,4,3,343
C01001,14,13,4597.48,3,4,4,344
C01002,26,6,9345.0,2,1,5,215
C01003,10,8,1925.0,4,2,2,422
C01004,8,19,4907.5,4,5,4,454
C01005,10,14,1236.95,4,4,1,441
C01006,6,9,1975.55,5,3,2,532
C01007,62,4,727.0,1,1,1,111
C01008,2,7,4265.470000000001,5,2,4,524
C01009,3,15,5054.0,5,5,4,554
C01010,2,13,4141.5,5,4,4,544
C01011,20,5,314.0,2,1,1,211
C01012,40,7,2604.5,1,2,3,123
C01013,5,5,673.0,5,1,1,511
C01014,5,11,2635.0,5,3,3,533
C01015,26,6,801.0,2,1,1,211
C01016,15,2,1062.0,3,1,1,311
C01017,26,9,11722.449999999999,2,3,5,235
C01018,14,13,7809.540000000003,3,4,5,345
C01019,8,10,5540.15,4,3,4,434
C01020,19,11,1991.0,3,3,2,332
C01021,19,13,1982.0,3,4,2,342
C01022,97,2,376.0,1,1,1,111
C01023,2,6,205.0,5,1,1,511
C01024,3,15,1861.0,5,5,2,552
C01025,40,11,2699.0,1,3,3,133
C01026,25,9,1875.0,2,3,2,232
C01027,19,4,889.0,3,1,1,311
C01028,21,9,7502.0,2,3,5,235
C01029,17,14,3770.0,3,4,3,343
C01030,4,12,2001.0,5,4,2,542
C01031,17,17,4054.0,3,5,4,354
C01032,7,9,4032.0,4,3,4,434
C01033,9,15,3461.5,4,5,3,453
C01034,23,15,4227.3,2,5,4,254
C01035,7,14,9682.46,4,4,5,445
C01036,15,13,7184.170000000001,3,4,5,345
C01037,56,7,2426.5,1,2,3,123
C01038,2,6,1160.0,5,1,1,511
C01039,29,9,2684.0,2,3,3,233
C01040,16,10,4461.0,3,3,4,334
C01041,4,10,3509.5,5,3,3,533
C01042,24,11,3329.0,2,3,3,233
C01043,14,18,7602.1,3,5,5,355
C01044,52,12,8850.0,1,4,5,145
C01045,11,15,7578.75,4,5,5,455
C01046,2,14,3973.0,5,4,4,544
C01047,3,14,2650.0,5,4,3,543
C01048,35,5,2905.0,2,1,3,213
C01049,2,16,9446.4,5,5,5,555
C01050,12,9,1240.0,3,3,1,331
C01051,35,6,1263.0,2,1,1,211
C01052,4,9,6875.0,5,3,5,535
C01053,38,11,4541.0700000000015,1,3,4,134
C01054,2,12,4880.0,5,4,4,544
C01055,13,10,4595.38,3,3,4,334
C01056,29,6,3345.0,2,1,3,213
C01057,64,6,2873.0,1,1,3,113
C01058,5,19,5991.0,5,5,5,555
C01059,9,4,4419.75,4,1,4,414
C01060,3,9,3238.75,5,3,3,533
C01061,33,7,1087.3,2,2,1,221
C01062,75,2,622.0,1,1,1,111
C01063,19,12,14302.5,3,4,5,345
C01064,2,13,18876.0,5,4,5,545
C01065,25,7,1833.0,2,2,2,222
C01066,26,9,8022.32,2,3,5,235
C01067,25,9,1765.0,2,3,2,232
C01068,15,7,6855.940000000002,3,2,5,325
C01069,4,13,1448.0,5,4,2,542
C01070,3,10,7247.0,5,3,5,535
C01071,24,11,1699.68,2,3,2,232
C01072,25,12,5309.5,2,4,4,244
C01073,14,14,3772.0,3,4,3,343
C01074,132,2,483.0,1,1,1,111
C01075,2,17,5007.7,5,5,4,554
C01076,6,18,5317.6,5,5,4,554
C01077,9,8,3555.0,4,2,3,423
C01078,9,6,2979.0,4,1,3,413
C01079,10,9,1873.0,4,3,2,432
C01080,32,8,3494.0,2,2,3,223
C01081,3,4,2266.2,5,1,2,512
C01082,17,3,608.0,3,1,1,311
C01083,21,14,10368.4,2,4,5,245
C01084,5,13,5100.1,5,4,4,544
C01085,18,8,1844.0,3,2,2,322
C01086,3,7,2635.0,5,2,3,523
C01087,108,2,460.0,1,1,1,111
C01088,43,3,280.8,1,1,1,111
C01089,6,9,2395.5,5,3,3,533
C01090,23,16,3872.44,2,5,4,254
C01091,19,6,1277.25,3,1,1,311
C01092,2,14,4837.25,5,4,4,544
C01093,8,10,3445.0,4,3,3,433
C01094,28,9,517.6,2,3,1,231
C01095,13,17,8338.470000000001,3,5,5,355
C01096,41,3,669.0,1,1,1,111
C01097,5,8,12485.450000000006,5,2,5,525
C01098,4,7,4547.0,5,2,4,524
C01099,25,3,1079.0,2,1,1,211
C01100,41,8,1486.0,1,2,2,122
C01101,16,10,2601.9,3,3,3,333
C01102,9,4,1068.1399999999999,4,1,1,411
C01103,12,16,6679.54,3,5,5,355
C01104,6,10,1470.0,5,3,2,532
C01105,3,11,14984.420000000002,5,3,5,535
C01106,70,7,874.5,1,2,1,121
C01107,5,19,6131.85,5,5,5,555
C01108,13,13,6023.77,3,4,5,345
C01109,3,8,1863.0,5,2,2,522
C01110,2,7,4169.0,5,2,4,524
C01111,56,8,1908.0,1,2,2,122
C01112,29,8,2678.6,2,2,3,223
C01113,24,7,2198.0,2,2,2,222
C01114,42,6,3017.470000000001,1,1,3,113
C01115,19,11,7000.0,3,3,5,335
C01116,9,10,3012.0,4,3,3,433
C01117,2,15,1694.0,5,5,2,552
C01118,2,12,10110.0,5,4,5,545
C01119,15,7,947.5,3,2,1,321
C01120,4,5,2483.0,5,1,3,513
C01121,4,15,2940.24,5,5,3,553
C01122,10,9,3963.1,4,3,4,434
C01123,45,9,4400.34,1,3,4,134
C01124,15,12,3428.0,3,4,3,343
C01125,9,14,6336.29,4,4,5,445
C01126,15,6,7689.470000000001,3,1,5,315
C01127,30,2,874.0,2,1,1,211
C01128,4,13,4571.1,5,4,4,544
C01129,14,9,2059.0,3,3,2,332
C01130,2,14,4364.8,5,4,4,544
C01131,19,4,1948.0,3,1,2,312
C01132,12,9,3008.9,3,3,3,333
C01133,3,9,5028.0,5,3,4,534
C01134,82,4,1935.0,1,1,2,112
C01135,5,17,7017.75,5,5,5,555
C01136,25,7,1450.0,2,2,2,222
C01137,47,2,240.0,1,1,1,111
C01138,6,10,3532.8,5,3,3,533
C01139,39,7,2105.4,1,2,2,122
C01140,17,2,975.0,3,1,1,311
C01141,4,15,5871.2,5,5,5,555
C01142,42,14,2278.5,1,4,2,142
C01143,5,3,670.0,5,1,1,511
C01144,20,15,2567.0,2,5,3,253
C01145,20,6,899.5,2,1,1,211
C01146,14,8,2045.7,3,2,2,322
C01147,24,12,2360.4,2,4,3,243
C01148,3,12,3352.0,5,4,3,543
C01149,77,3,534.0,1,1,1,111
C01150,74,4,2740.0,1,1,3,113
C01151,62,2,180.0,1,1,1,111
C01152,20,12,9110.26,2,4,5,245
C01153,18,3,436.75,3,1,1,311
C01154,22,5,1310.5,2,1,2,212
C01155,120,4,1099.0,1,1,1,111
C01156,13,12,1887.25,3,4,2,342
C01157,40,10,1095.0,1,3,1,131
C01158,102,2,667.5,1,1,1,111
C01159,12,5,2333.0,3,1,3,313
C01160,9,9,3190.8999999999996,4,3,3,433
C01161,16,8,2803.6,3,2,3,323
C01162,3,12,1862.0,5,4,2,542
C01163,9,13,7531.75,4,4,5,445
C01164,60,14,6816.470000000001,1,4,5,145
C01165,4,15,13555.690000000006,5,5,5,555
C01166,5,12,7635.0,5,4,5,545
C01167,39,2,609.0,1,1,1,111
C01168,5,10,3830.0,5,3,4,534
C01169,6,9,5183.470000000001,5,3,4,534
C01170,57,8,4501.0,1,2,4,124
C01171,4,5,797.5,5,1,1,511
C01172,29,9,10719.880000000005,2,3,5,235
C01173,80,3,229.4,1,1,1,111
C01174,11,8,3381.0,4,2,3,423
C01175,2,11,2922.0,5,3,3,533
C01176,3,12,3119.09,5,4,3,543
C01177,23,8,2385.0,2,2,3,223
C01178,2,9,4157.0,5,3,4,534
C01179,24,5,1012.5,2,1,1,211
C01180,4,15,1511.0,5,5,2,552
C01181,32,10,2552.0,2,3,3,233
C01182,17,11,3847.5,3,3,4,334
C01183,16,12,3087.0,3,4,3,343
C01184,21,15,2980.0,2,5,3,253
C01185,27,2,625.0,2,1,1,211
C01186,13,16,4962.52,3,5,4,354
C01187,2,13,4000.0,5,4,4,544
C01188,13,13,4800.5,3,4,4,344
C01189,26,9,4262.65,2,3,4,234
C01190,8,13,4860.0,4,4,4,444
C01191,61,4,742.0,1,1,1,111
C01192,56,10,3826.98,1,3,4,134
C01193,19,11,2142.25,3,3,2,332
C01194,13,14,6699.95,3,4,5,345
C01195,2,9,5749.139999999999,5,3,4,534
C01196,18,18,6762.0,3,5,5,355
C01197,2,13,1738.6,5,4,2,542
C01198,9,13,3803.0,4,4,3,443
C01199,27,6,926.05,2,1,1,211
