customer_id,Recency,Frequency,Monetary,R_Score,F_Score,M_Score,RFM_Score
C00000,2,13,11379.6,5,4,4,544
C00001,66,2,1200.0,1,1,1,111
C00002,10,12,12159.470000000001,4,4,4,444
C00003,30,8,7477.25,2,2,3,223
C00004,3,15,10397.0,5,5,4,554
C00005,3,19,21290.49,5,5,5,555
C00006,40,8,8158.01,1,2,3,123
C00007,62,8,5395.0,1,2,2,122
C00008,41,6,3904.0,1,1,1,111
C00009,12,11,12970.0,4,4,4,444
C00010,17,14,13865.130000000001,3,4,4,344
C00011,44,6,4694.0,1,1,2,112
C00012,3,16,14679.8,5,5,5,555
C00013,22,14,9469.5,2,4,3,243
C00014,17,12,12293.19,3,4,4,344
C00015,58,16,13742.36,1,5,4,154
C00016,4,8,4584.03,5,2,2,522
C00017,24,9,6716.46,2,3,2,232
C00018,3,4,2129.0,5,1,1,511
C00019,50,5,2439.81,1,1,1,111
C00020,19,9,10215.0,3,3,4,334
C00021,51,4,4217.0,1,1,1,111
C00022,125,2,1211.0,1,1,1,111
C00023,22,5,7489.3,2,1,3,213
C00024,73,4,2901.1,1,1,1,111
C00025,101,2,820.0,1,1,1,111
C00026,12,9,8998.0,4,3,3,433
C00027,34,4,4544.5,2,1,2,212
C00028,13,9,8907.75,3,3,3,333
C00029,9,8,7441.75,4,2,3,423
C00030,28,12,16326.54,2,4,5,245
C00031,26,18,14200.99,2,5,5,255
C00032,12,11,11283.01,4,4,4,444
C00033,3,3,1698.0,5,1,1,511
C00034,9,8,17264.940000000002,4,2,5,425
C00035,23,14,19485.930000000004,2,4,5,245
C00036,3,13,9217.5,5,4,3,543
C00037,14,10,7725.05,3,3,3,333
C00038,35,12,13790.2,2,4,4,244
C00039,56,9,5969.0,1,3,2,132
C00040,24,10,10361.04,2,3,4,234
C00041,3,15,10397.0,5,5,4,554
C00042,4,18,18948.090000000004,5,5,5,555
C00043,16,10,8788.3,3,3,3,333
C00044,33,7,4469.03,2,2,2,222
C00045,12,10,8727.5,4,3,3,433
C00046,20,4,2750.0,3,1,1,311
C00047,40,2,3223.2,1,1,1,111
C00048,16,11,16666.08,3,4,5,345
C00049,32,9,7200.0,2,3,3,233
C00050,6,14,12142.75,5,4,4,544
C00051,11,13,13851.8,4,4,4,444
C00052,14,13,9600.0,3,4,3,343
C00053,6,10,5494.0,5,3,2,532
C00054,14,7,6584.430000000001,3,2,2,322
C00055,21,7,3866.0,2,2,1,221
C00056,3,11,5888.7,5,4,2,542
C00057,16,11,14194.6,3,4,5,345
C00058,51,5,3097.0,1,1,1,111
C00059,4,5,4723.6,5,1,2,512
C00060,9,18,13262.43,4,5,4,454
C00061,10,19,17946.060000000005,4,5,5,455
C00062,19,12,15350.410000000003,3,4,5,345
C00063,8,15,13346.5,4,5,4,454
C00064,23,6,4411.08,2,1,2,212
C00065,13,4,4072.0,3,1,1,311
C00066,5,16,18485.7,5,5,5,555
C00067,2,15,7618.599999999999,5,5,3,553
C00068,10,10,8607.68,4,3,3,433
C00069,3,10,16408.940000000002,5,3,5,535
C00070,20,14,14195.0,3,4,5,345
C00071,7,15,15277.25,4,5,5,455
C00072,10,19,17474.670000000002,4,5,5,455
C00073,6,10,25060.23000000001,5,3,5,535
C00074,17,14,12618.5,3,4,4,344
C00075,3,14,16405.75,5,4,5,545
C00076,10,14,19908.0,4,4,5,445
C00077,13,8,6182.76,3,2,2,322
C00078,61,10,8376.670000000002,1,3,3,133
C00079,21,16,23164.940000000002,2,5,5,255
C00080,17,14,11886.2,3,4,4,344
C00081,82,2,850.0,1,1,1,111
C00082,34,11,14125.410000000003,2,4,5,245
C00083,6,12,10753.0,5,4,4,544
C00084,24,10,9110.0,2,3,3,233
C00085,5,10,14720.6,5,3,5,535
C00086,6,4,2676.0,5,1,1,511
C00087,13,17,13552.25,3,5,4,354
C00088,12,14,15228.5,4,4,5,445
C00089,7,19,17043.35,4,5,5,455
C00090,23,6,4891.3,2,1,2,212
C00091,21,8,4387.1,2,2,1,221
C00092,3,13,8647.0,5,4,3,543
C00093,3,15,35760.44,5,5,5,555
C00094,16,8,8933.45,3,2,3,323
C00095,13,14,14026.81,3,4,4,344
C00096,18,16,11664.4,3,5,4,354
C00097,13,12,14872.6,3,4,5,345
C00098,36,14,13998.75,2,4,4,244
C00099,22,19,21114.300000000003,2,5,5,255
C00100,30,2,1228.15,2,1,1,211
C00101,39,8,11206.940000000002,1,2,4,124
C00102,87,3,3990.0,1,1,1,111
C00103,15,11,18288.47,3,4,5,345
C00104,57,2,985.0,1,1,1,111
C00105,4,7,5268.2,5,2,2,522
C00106,46,9,7762.5,1,3,3,133
C00107,19,3,1464.5,3,1,1,311
C00108,4,16,10716.05,5,5,4,554
C00109,21,6,8519.0,2,1,3,213
C00110,5,16,9754.84,5,5,4,554
C00111,14,9,11410.8,3,3,4,334
C00112,23,14,20265.75,2,4,5,245
C00113,17,11,9894.9,3,4,4,344
C00114,19,11,10143.25,3,4,4,344
C00115,31,8,5748.0,2,2,2,222
C00116,77,6,5622.6,1,1,2,112
C00117,15,18,15530.65,3,5,5,355
C00118,15,13,26815.23000000001,3,4,5,345
C00119,7,11,9508.6,4,4,3,443
C00120,8,17,23584.360000000004,4,5,5,455
C00121,4,2,968.5,5,1,1,511
C00122,6,8,5032.53,5,2,2,522
C00123,20,6,4860.0,3,1,2,312
C00124,51,7,5273.4,1,2,2,122
C00125,16,13,9270.8,3,4,3,343
C00126,46,3,2359.0,1,1,1,111
C00127,18,9,9730.0,3,3,3,333
C00128,6,11,30393.640000000014,5,4,5,545
C00129,9,14,8963.05,4,4,3,443
C00130,21,13,11273.0,2,4,4,244
C00131,3,11,6860.0,5,4,2,542
C00132,43,6,4796.1,1,1,2,112
C00133,15,14,11282.470000000001,3,4,4,344
C00134,14,9,9143.5,3,3,3,333
C00135,71,6,4328.66,1,1,1,111
C00136,5,11,16620.0,5,4,5,545
C00137,33,13,9155.3,2,4,3,243
C00138,10,18,19631.45,4,5,5,455
C00139,74,6,3979.0,1,1,1,111
C00140,13,2,1332.0,3,1,1,311
C00141,5,11,14592.710000000003,5,4,5,545
C00142,8,17,19513.620000000003,4,5,5,455
C00143,2,12,9022.8,5,4,3,543
C00144,62,3,1655.0,1,1,1,111
C00145,64,8,4604.0,1,2,2,122
C00146,9,9,11681.75,4,3,4,434
C00147,55,4,2038.0,1,1,1,111
C00148,112,2,889.75,1,1,1,111
C00149,3,14,10239.86,5,4,4,544
C00150,10,11,8120.55,4,4,3,443
C00151,36,5,3770.5,2,1,1,211
C00152,16,6,3535.0,3,1,1,311
C00153,19,8,8417.4,3,2,3,323
C00154,16,7,6340.75,3,2,2,322
C00155,8,9,5943.0,4,3,2,432
C00156,78,2,2634.0,1,1,1,111
C00157,66,4,2713.08,1,1,1,111
C00158,21,4,1979.25,2,1,1,211
C00159,7,13,15586.5,4,4,5,445
C00160,10,5,4241.0,4,1,1,411
C00161,25,9,7183.5,2,3,3,233
C00162,10,12,13269.0,4,4,4,444
C00163,31,11,5530.0,2,4,2,242
C00164,10,8,5350.0,4,2,2,422
C00165,37,3,3147.0,1,1,1,111
C00166,4,7,8074.0,5,2,3,523
C00167,5,14,17244.0,5,4,5,545
C00168,25,13,10370.0,2,4,4,244
C00169,10,11,13250.0,4,4,4,444
C00170,43,4,4032.0,1,1,1,111
C00171,36,12,12539.0,2,4,4,244
C00172,29,11,9513.74,2,4,3,243
C00173,10,19,17689.3,4,5,5,455
C00174,22,15,17221.04,2,5,5,255
C00175,19,10,8193.0,3,3,3,333
C00176,21,6,4796.6,2,1,2,212
C00177,5,13,8517.0,5,4,3,543
C00178,6,8,6840.0,5,2,2,522
C00179,33,6,5373.54,2,1,2,212
C00180,5,8,11157.27,5,2,4,524
C00181,22,6,2492.0,2,1,1,211
C00182,3,8,8266.95,5,2,3,523
C00183,33,6,16823.410000000003,2,1,5,215
C00184,22,4,3968.25,2,1,1,211
C00185,7,10,7222.42,4,3,3,433
C00186,117,2,862.26,1,1,1,111
C00187,98,2,1248.1,1,1,1,111
C00188,2,14,12775.199999999999,5,4,4,544
C00189,31,6,5225.87,2,1,2,212
C00190,6,8,5606.4,5,2,2,522
C00191,8,8,8785.3,4,2,3,423
C00192,3,9,6421.5,5,3,2,532
C00193,19,12,6810.75,3,4,2,342
C00194,50,14,7541.0,1,4,3,143
C00195,10,8,5458.0,4,2,2,422
C00196,4,8,6250.0,5,2,2,522
C00197,12,15,11300.0,4,5,4,454
C00198,97,4,3900.0,1,1,1,111
C00199,44,14,14380.8,1,4,5,145
C00200,8,9,7165.0,4,3,3,433
C00201,8,5,4082.430000000001,4,1,1,411
C00202,5,7,7282.15,5,2,3,523
C00203,12,15,20788.0,4,5,5,455
C00204,41,9,7674.4,1,3,3,133
C00205,3,2,2951.36,5,1,1,511
C00206,3,13,18074.34,5,4,5,545
C00207,22,14,12050.0,2,4,4,244
C00208,56,6,4127.37,1,1,1,111
C00209,20,10,9800.0,3,3,4,334
C00210,43,6,3130.5499999999997,1,1,1,111
C00211,27,12,12453.0,2,4,4,244
C00212,34,9,8839.5,2,3,3,233
C00213,3,9,8399.0,5,3,3,533
C00214,9,13,15966.910000000003,4,4,5,445
C00215,26,18,19711.33,2,5,5,255
C00216,2,13,11537.19,5,4,4,544
C00217,97,1,1158.0,1,1,1,111
C00218,7,9,6424.6,4,3,2,432
C00219,4,6,4634.400000000001,5,1,2,512
C00220,5,7,11209.720000000001,5,2,4,524
C00221,10,7,15181.180000000004,4,2,5,425
C00222,15,4,2571.5,3,1,1,311
C00223,16,9,5050.0,3,3,2,332
C00224,33,3,1584.15,2,1,1,211
C00225,2,12,8081.5,5,4,3,543
C00226,5,12,10561.0,5,4,4,544
C00227,5,10,8580.470000000001,5,3,3,533
C00228,21,6,5967.0,2,1,2,212
C00229,3,8,5174.0,5,2,2,522
C00230,3,5,5061.36,5,1,2,512
C00231,49,9,8112.45,1,3,3,133
C00232,17,6,6934.8200000000015,3,1,3,313
C00233,18,5,3275.0,3,1,1,311
C00234,2,6,5135.2,5,1,2,512
C00235,8,17,15881.62,4,5,5,455
C00236,21,12,14740.0,2,4,5,245
C00237,8,15,14237.7,4,5,5,455
C00238,76,10,20303.590000000004,1,3,5,135
C00239,27,6,6011.770000000001,2,1,2,212
C00240,7,9,7418.0,4,3,3,433
C00241,5,14,15078.0,5,4,5,545
C00242,9,13,13087.970000000001,4,4,4,444
C00243,56,4,1946.0,1,1,1,111
C00244,21,17,15617.47,2,5,5,255
C00245,8,19,24521.690000000002,4,5,5,455
C00246,4,5,3185.54,5,1,1,511
C00247,23,9,7035.15,2,3,3,233
C00248,2,14,13186.9,5,4,4,544
C00249,15,2,798.0,3,1,1,311
C00250,41,3,4897.0,1,1,2,112
C00251,11,12,12044.470000000001,4,4,4,444
C00252,19,14,22893.640000000003,3,4,5,345
C00253,3,15,13001.99,5,5,4,554
C00254,2,15,11520.0,5,5,4,554
C00255,54,2,1665.0,1,1,1,111
C00256,6,7,5272.0,5,2,2,522
C00257,3,9,7675.0,5,3,3,533
C00258,72,5,15376.820000000007,1,1,5,115
C00259,35,10,6487.0,2,3,2,232
C00260,3,5,3407.3,5,1,1,511
C00261,20,17,14212.910000000002,3,5,5,355
C00262,58,6,4644.0,1,1,2,112
C00263,9,7,6689.2,4,2,2,422
C00264,8,4,3942.0,4,1,1,411
C00265,27,4,2849.0,2,1,1,211
C00266,16,6,4847.0,3,1,2,312
C00267,20,7,5326.110000000001,3,2,2,322
C00268,7,11,18476.0,4,4,5,445
C00269,42,4,2210.5,1,1,1,111
C00270,2,18,21904.710000000003,5,5,5,555
C00271,65,9,6400.0,1,3,2,132
C00272,2,18,15010.73,5,5,5,555
C00273,14,11,11481.2,3,4,4,344
C00274,35,3,3169.0,2,1,1,211
C00275,4,5,4417.5,5,1,2,512
C00276,7,15,16674.090000000004,4,5,5,455
C00277,36,9,7022.3,2,3,3,233
C00278,47,2,1773.0,1,1,1,111
C00279,19,12,14587.75,3,4,5,345
C00280,5,11,12546.64,5,4,4,544
C00281,42,15,13076.55,1,5,4,154
C00282,59,6,17960.420000000006,1,1,5,115
C00283,81,9,9706.470000000001,1,3,3,133
C00284,6,17,17688.0,5,5,5,555
C00285,10,13,12481.39,4,4,4,444
C00286,31,6,5073.0,2,1,2,212
C00287,12,6,5126.599999999999,4,1,2,412
C00288,25,9,14645.580000000002,2,3,5,235
C00289,3,18,14907.06,5,5,5,555
C00290,25,3,2492.0,2,1,1,211
C00291,26,11,10258.5,2,4,4,244
C00292,26,6,11131.84,2,1,4,214
C00293,12,8,3960.15,4,2,1,421
C00294,9,8,5193.9,4,2,2,422
C00295,48,2,1158.0,1,1,1,111
C00296,27,5,3443.55,2,1,1,211
C00297,19,3,6012.940000000002,3,1,2,312
C00298,36,7,11396.840000000002,2,2,4,224
C00299,13,9,13902.6,3,3,4,334
C00300,18,6,4926.0,3,1,2,312
C00301,49,6,3827.0,1,1,1,111
C00302,2,12,9066.95,5,4,3,543
C00303,10,12,16298.81,4,4,5,445
C00304,30,10,9446.0,2,3,3,233
C00305,33,17,16650.95,2,5,5,255
C00306,27,14,21387.130000000005,2,4,5,245
C00307,58,5,5157.05,1,1,2,112
C00308,13,19,19628.56,3,5,5,355
C00309,14,14,12725.0,3,4,4,344
C00310,15,5,6682.5,3,1,2,312
C00311,4,9,6883.71,5,3,3,533
C00312,54,13,16512.660000000003,1,4,5,145
C00313,21,5,3702.0,2,1,1,211
C00314,16,10,10774.970000000001,3,3,4,334
C00315,41,2,8700.0,1,1,3,113
C00316,8,9,4421.0,4,3,2,432
C00317,18,12,28970.880000000005,3,4,5,345
C00318,26,19,15104.820000000002,2,5,5,255
C00319,17,9,5490.6,3,3,2,332
C00320,4,6,3752.25,5,1,1,511
C00321,4,18,16500.340000000004,5,5,5,555
C00322,10,10,11115.470000000001,4,3,4,434
C00323,21,14,9466.73,2,4,3,243
C00324,39,9,5573.05,1,3,2,132
C00325,13,9,6665.55,3,3,2,332
C00326,29,14,13314.32,2,4,4,244
C00327,9,14,15779.5,4,4,5,445
C00328,22,8,4651.0,2,2,2,222
C00329,15,12,10365.0,3,4,4,344
C00330,21,4,3052.91,2,1,1,211
C00331,18,14,12673.25,3,4,4,344
C00332,28,8,7300.6,2,2,3,223
C00333,23,16,14606.77,2,5,5,255
C00334,9,7,7911.5,4,2,3,423
C00335,44,6,3012.5,1,1,1,111
C00336,27,16,11397.29,2,5,4,254
C00337,2,5,3752.1,5,1,1,511
C00338,57,3,3665.0,1,1,1,111
C00339,19,10,6583.0,3,3,2,332
C00340,9,7,3833.0,4,2,1,421
C00341,15,7,4489.1,3,2,2,322
C00342,3,7,6734.0,5,2,2,522
C00343,37,11,16149.550000000003,1,4,5,145
C00344,5,18,19452.480000000003,5,5,5,555
C00345,7,12,8698.0,4,4,3,443
C00346,7,16,13980.85,4,5,4,454
C00347,13,12,9450.0,3,4,3,343
C00348,12,8,12309.440000000002,4,2,4,424
C00349,11,14,17543.880000000005,4,4,5,445
C00350,11,9,6491.6,4,3,2,432
C00351,3,7,4580.6,5,2,2,522
C00352,27,12,10318.6,2,4,4,244
C00353,39,7,6043.0,1,2,2,122
C00354,18,3,1249.0,3,1,1,311
C00355,4,6,6999.75,5,1,3,513
C00356,6,17,14206.83,5,5,5,555
C00357,4,9,8291.6,5,3,3,533
C00358,2,12,8822.58,5,4,3,543
C00359,16,19,18191.65,3,5,5,355
C00360,23,9,4347.0,2,3,1,231
C00361,23,7,3407.0,2,2,1,221
C00362,106,2,2620.0,1,1,1,111
C00363,38,8,8277.0,1,2,3,123
C00364,8,19,17627.4,4,5,5,455
C00365,56,4,2847.0,1,1,1,111
C00366,22,3,1734.96,2,1,1,211
C00367,6,14,9562.0,5,4,3,543
C00368,10,9,4877.08,4,3,2,432
C00369,47,14,8067.2,1,4,3,143
C00370,15,2,1473.0,3,1,1,311
C00371,43,7,23994.70000000001,1,2,5,125
C00372,15,3,2475.0,3,1,1,311
C00373,21,14,18877.02,2,4,5,245
C00374,3,9,8360.0,5,3,3,533
C00375,44,9,9744.340000000002,1,3,3,133
C00376,10,5,11485.0,4,1,4,414
C00377,15,13,9176.470000000001,3,4,3,343
C00378,11,9,13989.0,4,3,4,434
C00379,9,14,9974.9,4,4,4,444
C00380,9,4,2065.25,4,1,1,411
C00381,3,8,5191.05,5,2,2,522
C00382,3,14,8678.0,5,4,3,543
C00383,44,4,3012.66,1,1,1,111
C00384,163,2,7547.27,1,1,3,113
C00385,11,15,15035.470000000001,4,5,5,455
C00386,5,8,8317.4,5,2,3,523
C00387,18,7,6954.0,3,2,3,323
C00388,85,4,2804.0,1,1,1,111
C00389,22,8,5291.0,2,2,2,222
C00390,11,7,6180.1,4,2,2,422
C00391,15,4,3291.0,3,1,1,311
C00392,30,11,27230.0,2,4,5,245
C00393,111,2,2557.56,1,1,1,111
C00394,4,10,9082.4,5,3,3,533
C00395,15,15,8748.0,3,5,3,353
C00396,59,12,8671.25,1,4,3,143
C00397,5,19,17391.5,5,5,5,555
C00398,101,2,1639.0,1,1,1,111
C00399,99,6,7552.0,1,1,3,113
C00400,4,18,14852.17,5,5,5,555
C00401,5,8,5533.0,5,2,2,522
C00402,13,17,14336.25,3,5,5,355
C00403,14,8,4992.95,3,2,2,322
C00404,10,12,10069.79,4,4,4,444
C00405,7,14,25359.940000000002,4,4,5,445
C00406,4,13,11321.65,5,4,4,544
C00407,25,9,7286.5,2,3,3,233
C00408,3,18,14694.67,5,5,5,555
C00409,10,15,15467.04,4,5,5,455
C00410,17,11,11517.0,3,4,4,344
C00411,9,14,15431.520000000002,4,4,5,445
C00412,17,10,10256.15,3,3,4,334
C00413,3,16,16005.68,5,5,5,555
C00414,2,6,3532.0,5,1,1,511
C00415,9,13,12445.07,4,4,4,444
C00416,3,12,8572.2,5,4,3,543
C00417,18,7,5236.0,3,2,2,322
C00418,9,7,5538.25,4,2,2,422
C00419,3,9,16786.640000000003,5,3,5,535
C00420,4,10,5738.0,5,3,2,532
C00421,13,11,8046.0,3,4,3,343
C00422,11,3,7537.5,4,1,3,413
C00423,34,8,6588.7,2,2,2,222
C00424,21,17,16541.53,2,5,5,255
C00425,11,11,9890.6,4,4,4,444
C00426,3,8,6639.3,5,2,2,522
C00427,27,11,12182.83,2,4,4,244
C00428,24,9,5267.46,2,3,2,232
C00429,7,8,6995.5,4,2,3,423
C00430,6,9,7010.63,5,3,3,533
C00431,4,14,16926.25,5,4,5,545
C00432,2,11,9412.0,5,4,3,543
C00433,30,3,2636.0,2,1,1,211
C00434,4,12,13708.940000000002,5,4,4,544
C00435,18,9,8367.510000000002,3,3,3,333
C00436,2,15,14438.6,5,5,5,555
C00437,5,18,20845.16,5,5,5,555
C00438,39,10,7401.22,1,3,3,133
C00439,21,5,5163.1,2,1,2,212
C00440,2,9,5494.6,5,3,2,532
C00441,13,15,8939.4,3,5,3,353
C00442,57,9,4716.5,1,3,2,132
C00443,8,17,12520.77,4,5,4,454
C00444,6,9,6353.04,5,3,2,532
C00445,135,2,830.0,1,1,1,111
C00446,4,8,4700.0,5,2,2,522
C00447,52,8,9535.0,1,2,3,123
C00448,16,10,9530.0,3,3,3,333
C00449,6,5,8149.5,5,1,3,513
C00450,3,11,7318.0,5,4,3,543
C00451,16,11,16381.090000000004,3,4,5,345
C00452,51,4,1915.33,1,1,1,111
C00453,5,11,17482.0,5,4,5,545
C00454,26,11,14389.9,2,4,5,245
C00455,12,15,8155.3,4,5,3,453
C00456,24,8,8486.0,2,2,3,223
C00457,24,4,2955.2799999999997,2,1,1,211
C00458,11,15,10726.75,4,5,4,454
C00459,3,12,19988.3,5,4,5,545
C00460,62,6,5025.470000000001,1,1,2,112
C00461,2,10,7601.0,5,3,3,533
C00462,41,8,8051.8,1,2,3,123
C00463,6,12,5419.0,5,4,2,542
C00464,10,12,14209.95,4,4,5,445
C00465,11,12,12591.0,4,4,4,444
C00466,4,17,17260.2,5,5,5,555
C00467,15,14,10382.0,3,4,4,344
C00468,37,9,4248.66,1,3,1,131
C00469,19,8,6235.9,3,2,2,322
C00470,19,14,26053.040000000005,3,4,5,345
C00471,36,7,7197.25,2,2,3,223
C00472,31,3,3206.5,2,1,1,211
C00473,13,18,20161.1,3,5,5,355
C00474,18,10,10018.82,3,3,4,334
C00475,13,15,15257.75,3,5,5,355
C00476,32,19,18976.840000000004,2,5,5,255
C00477,8,9,13888.5,4,3,4,434
C00478,38,4,4152.4,1,1,1,111
C00479,6,4,2517.4,5,1,1,511
C00480,49,7,7253.970000000001,1,2,3,123
C00481,11,7,5133.8,4,2,2,422
C00482,21,15,19838.940000000002,2,5,5,255
C00483,10,9,7493.5,4,3,3,433
C00484,6,17,17799.940000000002,5,5,5,555
C00485,27,10,6757.65,2,3,2,232
C00486,11,13,8718.34,4,4,3,443
C00487,2,17,14447.42,5,5,5,555
C00488,5,15,14123.0,5,5,5,555
C00489,2,13,8975.66,5,4,3,543
C00490,23,14,8835.0,2,4,3,243
C00491,28,8,7421.25,2,2,3,223
C00492,10,3,4020.98,4,1,1,411
C00493,17,12,14518.18,3,4,5,345
C00494,39,12,9833.75,1,4,4,144
C00495,127,4,4070.970000000001,1,1,1,111
C00496,10,14,24523.410000000003,4,4,5,445
C00497,35,8,6370.21,2,2,2,222
C00498,15,9,9886.77,3,3,4,334
C00499,6,17,14917.93,5,5,5,555
C00500,3,5,3025.0,5,1,1,511
C00501,30,7,6199.0,2,2,2,222
C00502,23,4,3692.5,2,1,1,211
C00503,7,12,9947.7,4,4,4,444
C00504,4,6,3798.0,5,1,1,511
C00505,88,1,1060.0,1,1,1,111
C00506,15,10,6868.4,3,3,2,332
C00507,25,9,7215.360000000001,2,3,3,233
C00508,19,6,3877.6,3,1,1,311
C00509,2,9,7910.16,5,3,3,533
C00510,9,11,8118.24,4,4,3,443
C00511,6,4,3064.5,5,1,1,511
C00512,37,15,20081.35,1,5,5,155
C00513,17,7,5627.3,3,2,2,322
C00514,50,5,5362.8,1,1,2,112
C00515,5,6,3713.5,5,1,1,511
C00516,27,8,10217.0,2,2,4,224
C00517,4,9,7200.0,5,3,3,533
C00518,3,8,10494.25,5,2,4,524
C00519,12,8,5830.0,4,2,2,422
C00520,3,10,8766.0,5,3,3,533
C00521,31,9,5906.15,2,3,2,232
C00522,40,4,2364.05,1,1,1,111
C00523,14,11,9232.400000000001,3,4,3,343
C00524,20,11,6517.0,3,4,2,342
C00525,32,5,4528.0,2,1,2,212
C00526,7,10,12817.140000000003,4,3,4,434
C00527,42,15,22198.1,1,5,5,155
C00528,70,11,25604.130000000005,1,4,5,145
C00529,37,6,8447.0,1,1,3,113
C00530,3,16,17775.47,5,5,5,555
C00531,26,11,6324.5,2,4,2,242
C00532,4,19,16741.31,5,5,5,555
C00533,10,13,13750.29,4,4,4,444
C00534,50,6,4501.9,1,1,2,112
C00535,14,9,5084.7,3,3,2,332
C00536,4,5,5447.470000000001,5,1,2,512
C00537,16,14,9995.5,3,4,4,344
C00538,13,15,11200.75,3,5,4,354
C00539,3,16,13283.9,5,5,4,554
C00540,56,2,2259.0,1,1,1,111
C00541,6,13,7274.3,5,4,3,543
C00542,2,7,5213.8,5,2,2,522
C00543,134,2,2544.04,1,1,1,111
C00544,50,4,1964.0,1,1,1,111
C00545,2,17,21294.24,5,5,5,555
C00546,25,12,8131.9,2,4,3,243
C00547,8,10,6697.0,4,3,2,432
C00548,9,9,9721.0,4,3,3,433
C00549,26,12,12335.0,2,4,4,244
C00550,10,14,9568.0,4,4,3,443
C00551,36,2,1460.0,2,1,1,211
C00552,7,15,14938.65,4,5,5,455
C00553,6,9,6372.25,5,3,2,532
C00554,37,8,8544.0,1,2,3,123
C00555,31,7,5085.0,2,2,2,222
C00556,20,9,7268.0,3,3,3,333
C00557,12,4,2681.75,4,1,1,411
C00558,17,14,15855.970000000001,3,4,5,345
C00559,7,6,5909.0,4,1,2,412
C00560,40,3,1956.0,1,1,1,111
C00561,37,8,5698.0,1,2,2,122
C00562,16,8,6401.4,3,2,2,322
C00563,80,6,5148.5,1,1,2,112
C00564,19,6,4573.05,3,1,2,312
C00565,40,12,10031.79,1,4,4,144
C00566,6,12,12068.75,5,4,4,544
C00567,18,9,11966.760000000002,3,3,4,334
C00568,11,13,22767.0,4,4,5,445
C00569,25,10,6110.12,2,3,2,232
C00570,4,16,18471.560000000005,5,5,5,555
C00571,13,10,6409.26,3,3,2,332
C00572,105,5,2402.0,1,1,1,111
C00573,15,18,23345.51,3,5,5,355
C00574,7,7,5444.0,4,2,2,422
C00575,6,10,9035.4,5,3,3,533
C00576,10,13,11875.0,4,4,4,444
C00577,19,15,17424.65,3,5,5,355
C00578,67,9,20414.7,1,3,5,135
C00579,8,17,18573.57,4,5,5,455
C00580,3,16,16366.279999999999,5,5,5,555
C00581,7,4,2014.0,4,1,1,411
C00582,11,15,13664.5,4,5,4,454
C00583,16,10,14635.970000000001,3,3,5,335
C00584,7,14,11038.0,4,4,4,444
C00585,15,12,9763.05,3,4,4,344
C00586,43,14,12748.02,1,4,4,144
C00587,14,16,11377.73,3,5,4,354
C00588,33,5,5535.12,2,1,2,212
C00589,45,10,8272.3,1,3,3,133
C00590,108,8,4757.0,1,2,2,122
C00591,3,14,9969.9,5,4,4,544
C00592,18,8,8625.0,3,2,3,323
C00593,2,18,24553.78,5,5,5,555
C00594,13,15,9225.0,3,5,3,353
C00595,58,8,9032.8,1,2,3,123
C00596,49,8,13582.690000000002,1,2,4,124
C00597,18,12,13638.0,3,4,4,344
C00598,53,6,4541.75,1,1,2,112
C00599,6,15,12181.95,5,5,4,554
C00600,12,16,11699.92,4,5,4,454
C00601,10,18,21187.2,4,5,5,455
C00602,3,7,6079.75,5,2,2,522
C00603,21,12,7721.05,2,4,3,243
C00604,103,2,1807.98,1,1,1,111
C00605,39,12,6505.0,1,4,2,142
C00606,96,11,6941.0199999999995,1,4,3,143
C00607,39,6,3303.0,1,1,1,111
C00608,2,14,12721.15,5,4,4,544
C00609,7,7,4697.25,4,2,2,422
C00610,9,8,5093.0,4,2,2,422
C00611,39,6,4761.7,1,1,2,112
C00612,10,9,13506.75,4,3,4,434
C00613,35,5,7352.58,2,1,3,213
C00614,12,9,6062.0,4,3,2,432
C00615,23,7,14097.410000000003,2,2,5,225
C00616,7,12,11448.920000000002,4,4,4,444
C00617,20,4,4800.220000000001,3,1,2,312
C00618,38,12,11380.970000000001,1,4,4,144
C00619,21,15,14545.86,2,5,5,255
C00620,48,8,6241.74,1,2,2,122
C00621,23,7,3882.0,2,2,1,221
C00622,5,11,10801.9,5,4,4,544
C00623,8,10,10372.0,4,3,4,434
C00624,2,9,7988.6,5,3,3,533
C00625,7,14,32394.170000000013,4,4,5,445
C00626,5,10,6599.35,5,3,2,532
C00627,14,18,19409.9,3,5,5,355
C00628,10,6,6950.3,4,1,3,413
C00629,19,19,30323.700000000004,3,5,5,355
C00630,13,7,6987.6,3,2,3,323
C00631,13,11,21585.6,3,4,5,345
C00632,30,13,6310.0,2,4,2,242
C00633,9,3,3743.0,4,1,1,411
C00634,3,11,6986.75,5,4,3,543
C00635,16,5,4016.0,3,1,1,311
C00636,25,9,5939.0,2,3,2,232
C00637,16,7,7044.0,3,2,3,323
C00638,16,18,19904.65,3,5,5,355
C00639,19,9,9397.0,3,3,3,333
C00640,21,9,6779.8,2,3,2,232
C00641,15,15,17935.32,3,5,5,355
C00642,15,5,5645.98,3,1,2,312
C00643,47,4,6729.96,1,1,2,112
C00644,4,18,28331.440000000002,5,5,5,555
C00645,44,6,3971.0,1,1,1,111
C00646,12,19,20799.57,4,5,5,455
C00647,105,4,2525.0,1,1,1,111
C00648,50,9,5194.25,1,3,2,132
C00649,12,8,9197.23,4,2,3,423
C00650,41,9,6044.0,1,3,2,132
C00651,5,7,5090.0,5,2,2,522
C00652,3,7,10293.0,5,2,4,524
C00653,36,9,6711.0,2,3,2,232
C00654,23,13,11329.84,2,4,4,244
C00655,5,13,11720.5,5,4,4,544
C00656,4,16,13281.55,5,5,4,554
C00657,25,11,7947.88,2,4,3,243
C00658,15,11,10546.36,3,4,4,344
C00659,19,14,14196.0,3,4,5,345
C00660,6,6,5991.0,5,1,2,512
C00661,10,8,8147.020000000001,4,2,3,423
C00662,37,13,8725.0,1,4,3,143
C00663,8,19,13206.6,4,5,4,454
C00664,13,13,11273.3,3,4,4,344
C00665,19,9,8561.5,3,3,3,333
C00666,5,9,6922.299999999999,5,3,3,533
C00667,23,6,6583.0,2,1,2,212
C00668,36,4,2033.03,2,1,1,211
C00669,78,6,6575.0,1,1,2,112
C00670,8,9,6964.0,4,3,3,433
C00671,8,13,11205.14,4,4,4,444
C00672,45,11,12600.0,1,4,4,144
C00673,10,18,18415.04,4,5,5,455
C00674,49,6,4150.0,1,1,1,111
C00675,38,12,12472.170000000002,1,4,4,144
C00676,23,9,6486.29,2,3,2,232
C00677,39,4,2994.0,1,1,1,111
C00678,48,7,5276.52,1,2,2,122
C00679,50,8,5897.25,1,2,2,122
C00680,17,8,7317.57,3,2,3,323
C00681,38,8,6080.0,1,2,2,122
C00682,7,9,6491.2,4,3,2,432
C00683,8,9,8662.55,4,3,3,433
C00684,21,19,15719.720000000001,2,5,5,255
C00685,108,3,1698.0,1,1,1,111
C00686,44,9,7197.3,1,3,3,133
C00687,13,7,4717.25,3,2,2,322
C00688,10,2,1152.0,4,1,1,411
C00689,3,3,1785.6599999999999,5,1,1,511
C00690,40,10,14095.15,1,3,5,135
C00691,24,8,10489.92,2,2,4,224
C00692,40,2,1525.0,1,1,1,111
C00693,4,6,3388.8,5,1,1,511
C00694,69,3,1924.5,1,1,1,111
C00695,8,6,3689.0,4,1,1,411
C00696,39,7,6396.0,1,2,2,122
C00697,27,17,20663.190000000002,2,5,5,255
C00698,10,9,8560.0,4,3,3,433
C00699,18,7,10099.45,3,2,4,324
C00700,37,4,3459.8,1,1,1,111
C00701,102,3,1561.79,1,1,1,111
C00702,68,12,12360.05,1,4,4,144
C00703,41,10,11035.0,1,3,4,134
C00704,8,8,6537.15,4,2,2,422
C00705,19,6,3722.0,3,1,1,311
C00706,23,8,6552.0,2,2,2,222
C00707,21,9,8457.25,2,3,3,233
C00708,14,11,9887.15,3,4,4,344
C00709,2,17,16373.0,5,5,5,555
C00710,8,6,4420.0,4,1,2,412
C00711,5,10,11435.720000000001,5,3,4,534
C00712,5,9,7712.52,5,3,3,533
C00713,10,15,24890.76000000001,4,5,5,455
C00714,22,8,9548.1,2,2,3,223
C00715,12,11,8026.73,4,4,3,443
C00716,18,11,13346.0,3,4,4,344
C00717,10,18,18147.0,4,5,5,455
C00718,35,15,9789.3,2,5,4,254
C00719,168,1,1497.0,1,1,1,111
C00720,29,2,1636.25,2,1,1,211
C00721,69,7,10479.75,1,2,4,124
C00722,9,6,7176.0,4,1,3,413
C00723,85,8,9143.8,1,2,3,123
C00724,9,9,8307.0,4,3,3,433
C00725,15,12,9055.0,3,4,3,343
C00726,36,6,6951.0,2,1,3,213
C00727,9,14,45182.76000000001,4,4,5,445
C00728,19,15,12214.02,3,5,4,354
C00729,4,12,9990.5,5,4,4,544
C00730,29,5,8358.0,2,1,3,213
C00731,12,8,14457.5,4,2,5,425
C00732,15,19,14495.7,3,5,5,355
C00733,17,7,7184.0,3,2,3,323
C00734,32,12,6562.6,2,4,2,242
C00735,19,8,7913.0,3,2,3,323
C00736,11,18,14442.6,4,5,5,455
C00737,15,6,3462.44,3,1,1,311
C00738,18,19,17439.66,3,5,5,355
C00739,61,12,37653.05000000002,1,4,5,145
C00740,15,6,3753.0,3,1,1,311
C00741,2,7,6119.1900000000005,5,2,2,522
C00742,17,5,7537.75,3,1,3,313
C00743,2,5,2941.6800000000003,5,1,1,511
C00744,13,9,7192.100000000001,3,3,3,333
C00745,6,5,4068.0,5,1,1,511
C00746,4,6,7914.0,5,1,3,513
C00747,8,7,3925.0,4,2,1,421
C00748,25,5,2818.0,2,1,1,211
C00749,10,6,7438.17,4,1,3,413
C00750,33,13,11896.02,2,4,4,244
C00751,7,15,7867.95,4,5,3,453
C00752,20,8,6391.0,3,2,2,322
C00753,55,13,12818.0,1,4,4,144
C00754,61,6,4837.0,1,1,2,112
C00755,16,4,2032.5,3,1,1,311
C00756,3,9,8974.7,5,3,3,533
C00757,3,9,5481.25,5,3,2,532
C00758,18,10,6337.0,3,3,2,332
C00759,26,6,4663.61,2,1,2,212
C00760,9,11,10203.5,4,4,4,444
C00761,23,7,8488.0,2,2,3,223
C00762,46,6,9265.48,1,1,3,113
C00763,13,7,8364.5,3,2,3,323
C00764,16,6,4146.6,3,1,1,311
C00765,30,14,10839.5,2,4,4,244
C00766,27,11,11030.45,2,4,4,244
C00767,24,3,3285.19,2,1,1,211
C00768,11,6,3913.25,4,1,1,411
C00769,9,8,8324.0,4,2,3,423
C00770,6,9,7938.0,5,3,3,533
C00771,2,6,10437.690000000002,5,1,4,514
C00772,34,4,2874.25,2,1,1,211
C00773,10,15,7785.0,4,5,3,453
C00774,15,6,3494.0,3,1,1,311
C00775,25,8,4870.0,2,2,2,222
C00776,5,15,24248.410000000003,5,5,5,555
C00777,35,11,8314.0,2,4,3,243
C00778,2,3,1634.8,5,1,1,511
C00779,21,9,11564.45,2,3,4,234
C00780,21,4,1848.08,2,1,1,211
C00781,67,2,3747.0,1,1,1,111
C00782,55,8,7530.0,1,2,3,123
C00783,53,7,11999.470000000001,1,2,4,124
C00784,38,4,1997.0,1,1,1,111
C00785,25,14,13341.1,2,4,4,244
C00786,30,12,14477.940000000002,2,4,5,245
C00787,34,8,5743.67,2,2,2,222
C00788,2,13,11849.91,5,4,4,544
C00789,19,11,11051.25,3,4,4,344
C00790,21,6,9697.9,2,1,3,213
C00791,9,6,5550.0,4,1,2,412
C00792,54,7,8291.68,1,2,3,123
C00793,12,11,25864.290000000008,4,4,5,445
C00794,5,15,16465.47,5,5,5,555
C00795,16,7,21595.23000000001,3,2,5,325
C00796,30,3,2167.0,2,1,1,211
C00797,10,12,7861.5,4,4,3,443
C00798,9,13,11948.0,4,4,4,444
C00799,18,15,10339.0,3,5,4,354
C00800,3,12,12264.1,5,4,4,544
C00801,10,14,19494.75,4,4,5,445
C00802,8,13,11165.0,4,4,4,444
C00803,21,2,2698.0,2,1,1,211
C00804,14,13,19474.74,3,4,5,345
C00805,30,9,14457.1,2,3,5,235
C00806,6,12,9250.0,5,4,3,543
C00807,76,8,6120.2,1,2,2,122
C00808,16,8,12013.0,3,2,4,324
C00809,8,11,9278.0,4,4,3,443
C00810,15,8,6241.0,3,2,2,322
C00811,25,14,11766.0,2,4,4,244
C00812,25,13,14603.849999999999,2,4,5,245
C00813,48,10,8802.5,1,3,3,133
C00814,2,7,4226.04,5,2,1,521
C00815,4,15,14151.570000000002,5,5,5,555
C00816,7,9,10546.3,4,3,4,434
C00817,4,12,12836.22,5,4,4,544
C00818,2,13,14336.6,5,4,5,545
C00819,3,13,17781.640000000003,5,4,5,545
C00820,5,7,4680.0,5,2,2,522
C00821,13,6,10883.0,3,1,4,314
C00822,16,10,5725.25,3,3,2,332
C00823,8,14,13497.85,4,4,4,444
C00824,44,3,3743.1099999999997,1,1,1,111
C00825,12,7,6566.75,4,2,2,422
C00826,15,7,15565.0,3,2,5,325
C00827,5,7,5723.05,5,2,2,522
C00828,4,5,6193.0,5,1,2,512
C00829,2,6,5277.0,5,1,2,512
C00830,25,16,15399.87,2,5,5,255
C00831,32,4,3242.0,2,1,1,211
C00832,6,17,23423.8,5,5,5,555
C00833,89,3,2017.0,1,1,1,111
C00834,11,12,9695.0,4,4,3,443
C00835,13,9,12020.190000000002,3,3,4,334
C00836,4,7,4504.1,5,2,2,522
C00837,18,14,17848.410000000003,3,4,5,345
C00838,42,5,5030.5700000000015,1,1,2,112
C00839,15,10,6524.0,3,3,2,332
C00840,8,15,15710.1,4,5,5,455
C00841,3,14,15395.5,5,4,5,545
C00842,25,13,20404.0,2,4,5,245
C00843,7,10,8137.79,4,3,3,433
C00844,9,4,2420.0,4,1,1,411
C00845,16,8,6587.5,3,2,2,322
C00846,19,8,5669.0,3,2,2,322
C00847,3,18,18940.97,5,5,5,555
C00848,6,15,12068.1,5,5,4,554
C00849,8,12,9604.48,4,4,3,443
C00850,3,11,5854.0,5,4,2,542
C00851,42,7,5846.76,1,2,2,122
C00852,90,2,779.0,1,1,1,111
C00853,39,12,17861.5,1,4,5,145
C00854,5,8,7172.0,5,2,3,523
C00855,29,9,7576.2,2,3,3,233
C00856,19,8,12705.710000000005,3,2,4,324
C00857,121,3,3790.0,1,1,1,111
C00858,21,11,13760.3,2,4,4,244
C00859,17,14,13514.670000000002,3,4,4,344
C00860,7,5,3121.0,4,1,1,411
C00861,2,13,9671.970000000001,5,4,3,543
C00862,11,8,10557.440000000002,4,2,4,424
C00863,13,9,7320.5,3,3,3,333
C00864,70,4,6223.5,1,1,2,112
C00865,2,14,10509.02,5,4,4,544
C00866,6,16,16671.8,5,5,5,555
C00867,7,12,11874.93,4,4,4,444
C00868,94,2,1800.0,1,1,1,111
C00869,85,3,2373.0,1,1,1,111
C00870,6,10,8709.0,5,3,3,533
C00871,113,2,3167.470000000001,1,1,1,111
C00872,9,6,6357.25,4,1,2,412
C00873,12,17,12801.85,4,5,4,454
C00874,26,2,1240.0,2,1,1,211
C00875,36,6,2896.0,2,1,1,211
C00876,5,15,12492.5,5,5,4,554
C00877,37,17,12531.34,1,5,4,154
C00878,6,9,9211.5,5,3,3,533
C00879,8,16,13098.1,4,5,4,454
C00880,32,5,4183.49,2,1,1,211
C00881,14,8,6281.35,3,2,2,322
C00882,7,14,11154.25,4,4,4,444
C00883,34,7,3501.0,2,2,1,221
C00884,24,6,3707.0,2,1,1,211
C00885,20,14,13178.029999999999,3,4,4,344
C00886,6,16,13979.01,5,5,4,554
C00887,3,17,16828.190000000002,5,5,5,555
C00888,2,5,4531.0,5,1,2,512
C00889,21,11,9036.78,2,4,3,243
C00890,6,15,12364.87,5,5,4,554
C00891,2,17,21071.43,5,5,5,555
C00892,6,11,15030.0,5,4,5,545
C00893,8,8,4980.0,4,2,2,422
C00894,14,6,5981.0,3,1,2,312
C00895,38,6,3635.48,1,1,1,111
C00896,25,15,15483.630000000001,2,5,5,255
C00897,43,6,3667.83,1,1,1,111
C00898,13,13,14481.5,3,4,5,345
C00899,32,7,8089.0,2,2,3,223
C00900,27,8,4104.0,2,2,1,221
C00901,18,15,13531.16,3,5,4,354
C00902,48,8,4847.5,1,2,2,122
C00903,9,6,3553.0,4,1,1,411
C00904,26,19,22397.940000000002,2,5,5,255
C00905,26,9,7075.3,2,3,3,233
C00906,43,3,3657.470000000001,1,1,1,111
C00907,13,7,4232.0,3,2,1,321
C00908,20,9,10277.470000000001,3,3,4,334
C00909,18,11,10023.0,3,4,4,344
C00910,7,13,8393.42,4,4,3,443
C00911,28,7,4410.15,2,2,2,222
C00912,17,3,1829.05,3,1,1,311
C00913,20,14,15266.9,3,4,5,345
C00914,18,4,3003.0,3,1,1,311
C00915,14,17,10565.25,3,5,4,354
C00916,8,13,17208.620000000003,4,4,5,445
C00917,12,6,4645.8,4,1,2,412
C00918,32,6,4401.0,2,1,1,211
C00919,10,8,6913.0,4,2,3,423
C00920,109,2,1339.15,1,1,1,111
C00921,31,4,3591.5,2,1,1,211
C00922,5,6,3812.2,5,1,1,511
C00923,68,2,1466.0,1,1,1,111
C00924,38,10,5450.0,1,3,2,132
C00925,7,6,5207.0,4,1,2,412
C00926,6,13,9685.95,5,4,3,543
C00927,16,8,10596.65,3,2,4,324
C00928,30,9,6874.5,2,3,2,232
C00929,4,13,7623.0,5,4,3,543
C00930,40,11,10604.75,1,4,4,144
C00931,20,13,15830.940000000002,3,4,5,345
C00932,4,19,20831.230000000003,5,5,5,555
C00933,23,16,16876.06,2,5,5,255
C00934,12,5,3767.25,4,1,1,411
C00935,6,2,2957.0,5,1,1,511
C00936,34,6,5869.8,2,1,2,212
C00937,8,17,15050.5,4,5,5,455
C00938,12,10,7415.3,4,3,3,433
C00939,31,6,4589.53,2,1,2,212
C00940,3,18,18339.6,5,5,5,555
C00941,36,2,2069.0,2,1,1,211
C00942,2,19,21920.97,5,5,5,555
C00943,7,9,4881.95,4,3,2,432
C00944,8,2,1345.0,4,1,1,411
C00945,7,9,9484.0,4,3,3,433
C00946,47,6,5550.0,1,1,2,112
C00947,10,15,11712.0,4,5,4,454
C00948,18,4,3111.75,3,1,1,311
C00949,6,19,15369.4,5,5,5,555
C00950,8,12,16286.38,4,4,5,445
C00951,22,16,13381.11,2,5,4,254
C00952,2,15,21801.0,5,5,5,555
C00953,13,9,5931.0,3,3,2,332
C00954,16,7,3500.1,3,2,1,321
C00955,10,3,1571.1,4,1,1,411
C00956,7,4,1946.1,4,1,1,411
C00957,2,9,8467.2,5,3,3,533
C00958,18,14,17470.22,3,4,5,345
C00959,4,3,3547.5,5,1,1,511
C00960,2,11,16993.47,5,4,5,545
C00961,11,11,12224.070000000002,4,4,4,444
C00962,28,4,2769.25,2,1,1,211
C00963,17,11,17644.880000000005,3,4,5,345
C00964,7,8,6053.53,4,2,2,422
C00965,3,12,8139.25,5,4,3,543
C00966,6,11,14924.160000000003,5,4,5,545
C00967,3,15,14395.8,5,5,5,555
C00968,11,9,8014.3,4,3,3,433
C00969,78,5,3748.5,1,1,1,111
C00970,2,19,17460.7,5,5,5,555
C00971,42,2,2697.0,1,1,1,111
C00972,3,8,5737.16,5,2,2,522
C00973,9,17,16907.95,4,5,5,455
C00974,21,6,3782.25,2,1,1,211
C00975,30,14,9865.08,2,4,4,244
C00976,2,7,9143.92,5,2,3,523
C00977,20,6,8431.0,3,1,3,313
C00978,10,5,2894.0,4,1,1,411
C00979,2,14,18232.6,5,4,5,545
C00980,10,8,7904.3,4,2,3,423
C00981,8,11,15256.5,4,4,5,445
C00982,6,10,8399.92,5,3,3,533
C00983,100,2,3179.470000000001,1,1,1,111
C00984,13,11,12004.240000000002,3,4,4,344
C00985,5,7,6177.5,5,2,2,522
C00986,10,12,14967.5,4,4,5,445
C00987,41,9,6758.45,1,3,2,132
C00988,3,17,21114.490000000005,5,5,5,555
C00989,92,2,1480.7,1,1,1,111
C00990,15,16,22483.320000000003,3,5,5,355
C00991,84,2,1687.3,1,1,1,111
C00992,26,12,11298.0,2,4,4,244
C00993,26,4,1575.0,2,1,1,211
C00994,36,18,18028.41,2,5,5,255
C00995,19,9,6971.48,3,3,3,333
C00996,54,6,7917.470000000001,1,1,3,113
C00997,54,8,18696.290000000008,1,2,5,125
C00998,70,2,3890.0,1,1,1,111
C00999,19,9,5370.16,3,3,2,332
C01000,44,8,9465.5,1,2,3,123
C01001,25,5,4079.0,2,1,1,211
C01002,21,7,5475.0,2,2,2,222
C01003,145,3,2118.0,1,1,1,111
C01004,10,12,15996.620000000004,4,4,5,445
C01005,3,13,13136.470000000001,5,4,4,544
C01006,8,6,8361.0,4,1,3,413
C01007,17,7,4767.0,3,2,2,322
C01008,41,3,2780.0,1,1,1,111
C01009,20,14,20498.0,3,4,5,345
C01010,22,5,3572.5,2,1,1,211
C01011,12,7,5230.0,4,2,2,422
C01012,32,8,10854.5,2,2,4,224
C01013,2,12,19333.900000000005,5,4,5,545
C01014,23,8,8469.670000000002,2,2,3,223
C01015,88,4,3647.0,1,1,1,111
C01016,9,16,18011.030000000002,4,5,5,455
C01017,10,13,13713.92,4,4,4,444
C01018,10,13,10122.1,4,4,4,444
C01019,58,6,6155.4,1,1,2,112
C01020,19,8,5643.470000000001,3,2,2,322
C01021,19,13,10471.8,3,4,4,344
C01022,46,6,5304.25,1,1,2,112
C01023,22,4,3879.0,2,1,1,211
C01024,14,12,10783.470000000001,3,4,4,344
C01025,2,11,13802.0,5,4,4,544
C01026,8,5,3339.0,4,1,1,411
C01027,21,13,10873.9,2,4,4,244
C01028,7,8,4813.0,4,2,2,422
C01029,81,7,4808.0,1,2,2,122
C01030,32,10,6972.220000000001,2,3,3,233
C01031,21,12,6086.0,2,4,2,242
C01032,6,12,11140.01,5,4,4,544
C01033,8,19,27653.15,4,5,5,455
C01034,13,2,2194.0,3,1,1,311
C01035,2,16,12094.12,5,5,4,554
C01036,11,15,25469.47,4,5,5,455
C01037,8,7,11216.380000000001,4,2,4,424
C01038,28,6,2896.0,2,1,1,211
C01039,4,8,5525.2,5,2,2,522
C01040,16,8,6494.0,3,2,2,322
C01041,2,13,10380.0,5,4,4,544
C01042,86,3,3601.25,1,1,1,111
C01043,7,19,23692.35,4,5,5,455
C01044,5,18,14096.7,5,5,5,555
C01045,16,10,10149.0,3,3,4,334
C01046,37,4,2954.05,1,1,1,111
C01047,2,6,5750.0,5,1,2,512
C01048,13,17,16017.440000000002,3,5,5,355
C01049,42,14,12527.75,1,4,4,144
C01050,20,18,14754.85,3,5,5,355
C01051,128,2,2526.0,1,1,1,111
C01052,69,2,1188.0,1,1,1,111
C01053,15,8,6008.5,3,2,2,322
C01054,5,13,13180.22,5,4,4,544
C01055,2,11,13164.470000000001,5,4,4,544
C01056,7,9,6000.0,4,3,2,432
C01057,7,9,8344.0,4,3,3,433
C01058,23,14,10361.4,2,4,4,244
C01059,4,9,11169.4,5,3,4,534
C01060,6,8,9826.0,5,2,4,524
C01061,7,5,3083.0,4,1,1,411
C01062,34,5,2891.0,2,1,1,211
C01063,30,11,13118.62,2,4,4,244
C01064,8,13,16809.480000000003,4,4,5,445
C01065,156,2,2573.35,1,1,1,111
C01066,2,6,3610.3,5,1,1,511
C01067,14,7,16939.0,3,2,5,325
C01068,11,17,15658.5,4,5,5,455
C01069,26,9,6764.400000000001,2,3,2,232
C01070,32,9,5981.0,2,3,2,232
C01071,3,15,14878.6,5,5,5,555
C01072,20,9,9247.7,3,3,3,333
C01073,20,6,4450.0,3,1,2,312
C01074,26,7,6646.0,2,2,2,222
C01075,22,10,10100.0,2,3,4,234
C01076,36,11,11486.14,2,4,4,244
C01077,19,14,19326.010000000002,3,4,5,345
C01078,12,13,11172.26,4,4,4,444
C01079,4,11,7473.35,5,4,3,543
C01080,26,9,6993.0,2,3,3,233
C01081,3,9,6323.0,5,3,2,532
C01082,23,8,6462.75,2,2,2,222
C01083,8,12,10397.16,4,4,4,444
C01084,23,13,10237.21,2,4,4,244
C01085,104,4,3629.0,1,1,1,111
C01086,51,9,7848.36,1,3,3,133
C01087,2,11,12251.74,5,4,4,544
C01088,8,5,6065.0,4,1,2,412
C01089,10,16,13731.0,4,5,4,454
C01090,22,6,7114.41,2,1,3,213
C01091,7,12,10036.65,4,4,4,444
C01092,8,18,22680.9,4,5,5,455
C01093,31,8,7197.5,2,2,3,223
C01094,3,15,22188.820000000007,5,5,5,555
C01095,6,6,6546.0,5,1,2,512
C01096,7,8,10400.320000000002,4,2,4,424
C01097,21,19,22081.87,2,5,5,255
C01098,5,19,18121.82,5,5,5,555
C01099,19,9,6789.470000000001,3,3,2,332
C01100,3,11,19388.0,5,4,5,545
C01101,4,18,18813.810000000005,5,5,5,555
C01102,21,16,13727.820000000002,2,5,4,254
C01103,17,12,9317.25,3,4,3,343
C01104,3,5,8605.0,5,1,3,513
C01105,24,11,17118.74,2,4,5,245
C01106,6,13,8554.48,5,4,3,543
C01107,16,8,6081.0,3,2,2,322
C01108,22,12,17324.47,2,4,5,245
C01109,142,5,2157.0,1,1,1,111
C01110,6,8,6628.0,5,2,2,522
C01111,12,15,18546.85,4,5,5,455
C01112,3,19,20554.7,5,5,5,555
C01113,8,15,45639.61,4,5,5,455
C01114,3,14,30283.940000000002,5,4,5,545
C01115,47,11,10513.0,1,4,4,144
C01116,21,5,3967.75,2,1,1,211
C01117,6,14,13501.560000000001,5,4,4,544
C01118,37,9,5645.0,1,3,2,132
C01119,15,5,7945.0,3,1,3,313
C01120,4,8,18610.350000000006,5,2,5,525
C01121,19,5,2235.0,3,1,1,311
C01122,60,3,1686.5,1,1,1,111
C01123,6,11,9689.0,5,4,3,543
C01124,46,8,12601.25,1,2,4,124
C01125,15,12,11709.470000000001,3,4,4,344
C01126,2,13,13109.79,5,4,4,544
C01127,5,3,3437.470000000001,5,1,1,511
C01128,12,8,8821.0,4,2,3,423
C01129,17,15,12020.0,3,5,4,354
C01130,8,12,6680.0,4,4,2,442
C01131,5,13,12486.320000000002,5,4,4,544
C01132,28,11,9991.5,2,4,4,244
C01133,8,16,15866.5,4,5,5,455
C01134,69,2,1136.0,1,1,1,111
C01135,43,8,6975.0,1,2,3,123
C01136,42,4,4065.0,1,1,1,111
C01137,22,10,6993.25,2,3,3,233
C01138,14,7,5524.28,3,2,2,322
C01139,7,19,16671.68,4,5,5,455
C01140,31,3,2364.0,2,1,1,211
C01141,12,7,4175.34,4,2,1,421
C01142,21,11,12681.65,2,4,4,244
C01143,46,5,6843.5,1,1,2,112
C01144,30,4,4351.25,2,1,1,211
C01145,7,9,8989.65,4,3,3,433
C01146,81,3,2515.0,1,1,1,111
C01147,31,11,7835.0,2,4,3,243
C01148,40,4,3492.0,1,1,1,111
C01149,23,8,7928.85,2,2,3,223
C01150,17,8,7375.5,3,2,3,323
C01151,6,16,18587.54,5,5,5,555
C01152,12,5,2929.0,4,1,1,411
C01153,4,9,7187.25,5,3,3,533
C01154,71,2,1807.0,1,1,1,111
C01155,18,10,11578.25,3,3,4,334
C01156,4,13,11406.95,5,4,4,544
C01157,13,12,9638.800000000001,3,4,3,343
C01158,11,15,9440.0,4,5,3,453
C01159,50,5,3698.8,1,1,1,111
C01160,24,9,5393.6,2,3,2,232
C01161,60,7,6192.0,1,2,2,122
C01162,29,10,9268.03,2,3,3,233
C01163,2,8,4653.3,5,2,2,522
C01164,5,12,8820.93,5,4,3,543
C01165,14,6,8665.5,3,1,3,313
C01166,3,2,839.0,5,1,1,511
C01167,25,6,6151.0,2,1,2,212
C01168,13,17,13847.44,3,5,4,354
C01169,57,7,5392.0,1,2,2,122
C01170,29,7,9139.25,2,2,3,223
C01171,36,6,4471.5,2,1,2,212
C01172,11,8,3791.0,4,2,1,421
C01173,113,5,6126.3,1,1,2,112
C01174,5,14,11793.86,5,4,4,544
C01175,87,5,5891.0,1,1,2,112
C01176,53,3,2400.0,1,1,1,111
C01177,4,11,11034.82,5,4,4,544
C01178,14,9,18002.820000000007,3,3,5,335
C01179,6,9,7128.0,5,3,3,533
C01180,34,6,3854.16,2,1,1,211
C01181,4,19,27642.960000000003,5,5,5,555
C01182,9,7,4090.5,4,2,1,421
C01183,7,6,5203.2,4,1,2,412
C01184,16,8,9775.9,3,2,4,324
C01185,11,8,4611.34,4,2,2,422
C01186,11,11,13251.57,4,4,4,444
C01187,102,4,2280.0,1,1,1,111
C01188,12,11,12516.170000000002,4,4,4,444
C01189,43,8,7352.5,1,2,3,123
C01190,6,16,17177.4,5,5,5,555
C01191,42,10,10788.470000000001,1,3,4,134
C01192,2,9,7839.889999999999,5,3,3,533
C01193,27,5,5019.53,2,1,2,212
C01194,81,3,3048.4,1,1,1,111
C01195,42,4,3267.0,1,1,1,111
C01196,47,18,21318.47,1,5,5,155
C01197,4,14,9205.26,5,4,3,543
C01198,12,10,9568.9,4,3,3,433
C01199,12,9,5841.0,4,3,2,432
C01200,17,11,16401.0,3,4,5,345
C01201,27,17,19820.900000000005,2,5,5,255
C01202,14,9,7102.2,3,3,3,333
C01203,16,9,9139.18,3,3,3,333
C01204,30,7,15638.080000000005,2,2,5,225
C01205,95,6,13498.410000000003,1,1,4,114
C01206,12,17,14555.45,4,5,5,455
C01207,18,10,10366.570000000002,3,3,4,334
C01208,95,2,1598.0,1,1,1,111
C01209,33,11,12665.0,2,4,4,244
C01210,36,9,5384.0,2,3,2,232
C01211,79,6,3161.58,1,1,1,111
C01212,6,8,7794.0,5,2,3,523
C01213,7,3,1458.35,4,1,1,411
C01214,3,12,14850.25,5,4,5,545
C01215,10,15,12533.2,4,5,4,454
C01216,22,7,5890.3,2,2,2,222
C01217,39,3,2862.9,1,1,1,111
C01218,4,14,8575.39,5,4,3,543
C01219,21,6,5067.0,2,1,2,212
C01220,2,8,5916.0,5,2,2,522
C01221,6,7,6725.0,5,2,2,522
C01222,7,13,7136.0,4,4,3,443
C01223,14,10,8958.0,3,3,3,333
C01224,29,8,9626.0,2,2,3,223
C01225,28,7,4271.3,2,2,1,221
C01226,24,7,3554.0,2,2,1,221
C01227,12,14,15642.81,4,4,5,445
C01228,4,18,15455.55,5,5,5,555
C01229,20,9,5544.0,3,3,2,332
C01230,11,13,8999.57,4,4,3,443
C01231,39,14,9785.0,1,4,4,144
C01232,10,11,9398.9,4,4,3,443
C01233,10,13,10022.77,4,4,4,444
C01234,3,9,8686.449999999999,5,3,3,533
C01235,55,6,4036.5,1,1,1,111
C01236,30,12,18640.0,2,4,5,245
C01237,5,9,10371.0,5,3,4,534
C01238,4,14,12764.34,5,4,4,544
C01239,12,9,13474.0,4,3,4,434
C01240,82,6,4217.5,1,1,1,111
C01241,125,2,898.75,1,1,1,111
C01242,20,6,5315.0,3,1,2,312
C01243,5,14,7523.5,5,4,3,543
C01244,4,19,17311.2,5,5,5,555
C01245,15,7,10040.0,3,2,4,324
C01246,33,12,12912.0,2,4,4,244
C01247,4,18,17066.07,5,5,5,555
C01248,8,18,17000.99,4,5,5,455
C01249,36,4,4098.26,2,1,1,211
C01250,5,12,6512.0,5,4,2,542
C01251,7,9,5794.68,4,3,2,432
C01252,21,10,10265.9,2,3,4,234
C01253,22,15,12370.0,2,5,4,254
C01254,13,6,8047.0,3,1,3,313
C01255,2,16,14551.05,5,5,5,555
C01256,35,13,11841.0,2,4,4,244
C01257,16,6,5342.0,3,1,2,312
C01258,3,9,10141.9,5,3,4,534
C01259,2,14,9433.5,5,4,3,543
C01260,19,14,9240.0,3,4,3,343
C01261,24,8,7645.06,2,2,3,223
C01262,25,6,5917.65,2,1,2,212
C01263,20,15,14340.05,3,5,5,355
C01264,27,11,15595.86,2,4,5,245
C01265,15,7,5930.0,3,2,2,322
C01266,27,4,3820.5,2,1,1,211
C01267,7,10,13893.04,4,3,4,434
C01268,159,2,1857.0,1,1,1,111
C01269,3,9,17731.350000000006,5,3,5,535
C01270,4,9,6381.8,5,3,2,532
C01271,6,14,14911.25,5,4,5,545
C01272,5,19,27575.920000000006,5,5,5,555
C01273,13,12,8557.0,3,4,3,343
C01274,27,15,10085.710000000001,2,5,4,254
C01275,21,4,2148.6,2,1,1,211
C01276,3,11,8796.0,5,4,3,543
C01277,54,6,5306.05,1,1,2,112
C01278,29,5,2701.3,2,1,1,211
C01279,78,2,1160.0,1,1,1,111
C01280,33,10,5507.4,2,3,2,232
C01281,79,5,5564.6,1,1,2,112
C01282,5,12,14386.85,5,4,5,545
C01283,9,10,8446.0,4,3,3,433
C01284,3,10,8432.0,5,3,3,533
C01285,6,7,8512.6,5,2,3,523
C01286,18,12,14145.0,3,4,5,345
C01287,2,9,6237.360000000001,5,3,2,532
C01288,9,9,8744.75,4,3,3,433
C01289,34,14,15368.540000000003,2,4,5,245
C01290,3,2,891.0,5,1,1,511
C01291,29,6,9300.0,2,1,3,213
C01292,9,7,7212.0,4,2,3,423
C01293,43,9,13975.3,1,3,4,134
C01294,24,10,14660.820000000002,2,3,5,235
C01295,16,7,3629.2,3,2,1,321
C01296,23,7,5399.8,2,2,2,222
C01297,15,6,3363.36,3,1,1,311
C01298,3,13,10408.49,5,4,4,544
C01299,48,14,8268.06,1,4,3,143
C01300,17,5,5646.4,3,1,2,312
C01301,15,9,7015.0,3,3,3,333
C01302,121,2,1025.0,1,1,1,111
C01303,28,12,8966.0,2,4,3,243
C01304,13,6,5528.0,3,1,2,312
C01305,54,6,5775.0,1,1,2,112
C01306,4,8,6782.65,5,2,2,522
C01307,9,12,25506.47,4,4,5,445
C01308,6,8,12308.0,5,2,4,524
C01309,39,4,2978.75,1,1,1,111
C01310,2,11,7972.0,5,4,3,543
C01311,58,6,5294.0,1,1,2,112
C01312,19,9,7507.2,3,3,3,333
C01313,4,13,18930.410000000003,5,4,5,545
C01314,40,2,1403.0,1,1,1,111
C01315,24,3,1670.0,2,1,1,211
C01316,6,11,14576.0,5,4,5,545
C01317,11,15,14443.79,4,5,5,455
C01318,21,14,11210.710000000001,2,4,4,244
C01319,4,8,10269.940000000002,5,2,4,524
C01320,37,9,8058.1,1,3,3,133
C01321,82,6,3034.0,1,1,1,111
C01322,11,14,7916.0,4,4,3,443
C01323,32,12,5669.63,2,4,2,242
C01324,20,8,7703.25,3,2,3,323
C01325,47,8,5374.75,1,2,2,122
C01326,20,12,10573.0,3,4,4,344
C01327,3,8,10159.35,5,2,4,524
C01328,8,7,6979.8,4,2,3,423
C01329,3,15,14511.070000000002,5,5,5,555
C01330,2,12,12243.390000000003,5,4,4,544
C01331,2,9,6832.5,5,3,2,532
C01332,13,15,15257.86,3,5,5,355
C01333,3,9,14910.110000000004,5,3,5,535
C01334,8,12,15985.460000000003,4,4,5,445
C01335,6,8,5475.38,5,2,2,522
C01336,5,7,6867.0,5,2,2,522
C01337,48,8,8750.0,1,2,3,123
C01338,2,8,11209.0,5,2,4,524
C01339,15,9,8469.94,3,3,3,333
C01340,18,8,8126.15,3,2,3,323
C01341,13,8,6822.0199999999995,3,2,2,322
C01342,109,3,1239.0,1,1,1,111
C01343,10,14,21787.0,4,4,5,445
C01344,43,4,3906.0,1,1,1,111
C01345,152,2,1179.5,1,1,1,111
C01346,70,2,1597.6,1,1,1,111
C01347,9,11,10169.12,4,4,4,444
C01348,37,6,12063.940000000002,1,1,4,114
C01349,46,9,5415.0,1,3,2,132
C01350,41,6,5095.5,1,1,2,112
C01351,20,13,21678.850000000006,3,4,5,345
C01352,2,9,11243.94,5,3,4,534
C01353,27,3,1907.15,2,1,1,211
C01354,11,6,11834.680000000004,4,1,4,414
C01355,128,6,5288.8,1,1,2,112
C01356,32,7,7304.3,2,2,3,223
C01357,8,6,3527.0,4,1,1,411
C01358,6,14,11121.0,5,4,4,544
C01359,14,5,2201.1,3,1,1,311
C01360,31,12,20699.47,2,4,5,245
C01361,40,8,8668.880000000001,1,2,3,123
C01362,64,2,2475.0,1,1,1,111
C01363,28,10,21227.350000000006,2,3,5,235
C01364,5,10,8462.0,5,3,3,533
C01365,4,11,10832.840000000002,5,4,4,544
C01366,15,9,10395.0,3,3,4,334
C01367,4,8,6214.71,5,2,2,522
C01368,2,13,10351.25,5,4,4,544
C01369,5,17,16609.67,5,5,5,555
C01370,57,9,8801.420000000002,1,3,3,133
C01371,6,12,10539.58,5,4,4,544
C01372,26,11,7396.8,2,4,3,243
C01373,24,5,4136.25,2,1,1,211
C01374,16,15,17201.35,3,5,5,355
C01375,5,8,5687.25,5,2,2,522
C01376,11,18,16299.2,4,5,5,455
C01377,41,5,3226.0,1,1,1,111
C01378,48,5,2675.0,1,1,1,111
C01379,2,11,10973.22,5,4,4,544
C01380,28,4,2674.25,2,1,1,211
C01381,11,5,3382.0,4,1,1,411
C01382,21,9,7731.220000000001,2,3,3,233
C01383,81,2,2899.0,1,1,1,111
C01384,45,7,17108.820000000007,1,2,5,125
C01385,2,10,5793.599999999999,5,3,2,532
C01386,111,4,3274.0,1,1,1,111
C01387,18,18,13171.1,3,5,4,354
C01388,13,8,6952.0,3,2,3,323
C01389,2,6,15439.0,5,1,5,515
C01390,43,6,7416.0,1,1,3,113
C01391,55,8,5971.0,1,2,2,122
C01392,3,7,4591.0,5,2,2,522
C01393,3,10,6372.65,5,3,2,532
C01394,10,7,10539.0,4,2,4,424
C01395,134,2,846.0,1,1,1,111
C01396,14,7,5383.1,3,2,2,322
C01397,20,4,2692.8,3,1,1,311
C01398,34,12,27534.170000000013,2,4,5,245
C01399,36,10,14458.25,2,3,5,235
C01400,7,11,9417.66,4,4,3,443
C01401,5,10,9843.6,5,3,4,534
C01402,10,17,11884.5,4,5,4,454
C01403,18,9,4375.11,3,3,1,331
C01404,4,10,11518.68,5,3,4,534
C01405,46,5,2318.0,1,1,1,111
C01406,13,4,4420.5,3,1,2,312
C01407,19,4,5205.0,3,1,2,312
C01408,18,8,9543.74,3,2,3,323
C01409,7,13,12442.05,4,4,4,444
C01410,5,9,6165.860000000001,5,3,2,532
C01411,6,18,17788.09,5,5,5,555
C01412,7,10,10916.1,4,3,4,434
C01413,10,18,19914.090000000004,4,5,5,455
C01414,58,8,7122.0,1,2,3,123
C01415,60,7,7790.0,1,2,3,123
C01416,4,19,15907.9,5,5,5,555
C01417,20,7,11933.05,3,2,4,324
C01418,26,8,6019.15,2,2,2,222
C01419,26,3,1428.0,2,1,1,211
C01420,18,6,6479.25,3,1,2,312
C01421,20,12,11484.7,3,4,4,344
C01422,21,11,12931.77,2,4,4,244
C01423,24,6,5814.84,2,1,2,212
C01424,12,7,11763.970000000001,4,2,4,424
C01425,22,10,5941.0,2,3,2,232
C01426,3,19,20649.559999999998,5,5,5,555
C01427,33,15,22731.460000000003,2,5,5,255
C01428,5,8,6215.0,5,2,2,522
C01429,17,6,5084.0,3,1,2,312
C01430,15,5,7396.5,3,1,3,313
C01431,3,6,4336.6,5,1,1,511
C01432,29,15,16613.85,2,5,5,255
C01433,6,11,8398.2,5,4,3,543
C01434,39,4,4890.0,1,1,2,112
C01435,24,8,6110.0,2,2,2,222
C01436,25,4,4386.0,2,1,1,211
C01437,7,6,5368.0,4,1,2,412
C01438,53,2,1093.0,1,1,1,111
C01439,46,5,3231.01,1,1,1,111
C01440,17,8,5014.75,3,2,2,322
C01441,8,15,11370.0,4,5,4,454
C01442,117,2,1154.0,1,1,1,111
C01443,9,7,6570.5,4,2,2,422
C01444,47,8,6294.0,1,2,2,122
C01445,54,12,14939.970000000001,1,4,5,145
C01446,26,8,8382.0,2,2,3,223
C01447,6,15,16731.7,5,5,5,555
C01448,4,12,13777.220000000001,5,4,4,544
C01449,6,14,15710.9,5,4,5,545
C01450,81,4,2309.2,1,1,1,111
C01451,9,15,13894.75,4,5,4,454
C01452,16,9,12108.2,3,3,4,334
C01453,8,8,9245.720000000001,4,2,3,423
C01454,37,5,4228.17,1,1,1,111
C01455,5,5,3598.0,5,1,1,511
C01456,14,8,5075.92,3,2,2,322
C01457,33,5,3510.46,2,1,1,211
C01458,38,10,6997.1,1,3,3,133
C01459,12,9,6383.0,4,3,2,432
C01460,5,13,11292.0,5,4,4,544
C01461,6,13,13543.220000000001,5,4,4,544
C01462,22,7,3850.0,2,2,1,221
C01463,12,7,8773.0,4,2,3,423
C01464,35,10,7953.0,2,3,3,233
C01465,2,13,13834.0,5,4,4,544
C01466,33,10,6162.55,2,3,2,232
C01467,5,14,12927.070000000002,5,4,4,544
C01468,16,19,20815.47,3,5,5,355
C01469,19,14,14243.210000000001,3,4,5,345
C01470,13,6,10440.0,3,1,4,314
C01471,92,2,1048.0,1,1,1,111
C01472,15,9,8140.0,3,3,3,333
C01473,25,11,11691.0,2,4,4,244
C01474,12,8,8003.5,4,2,3,423
C01475,25,14,11620.0,2,4,4,244
C01476,17,12,10621.0,3,4,4,344
C01477,3,10,7775.0,5,3,3,533
C01478,11,8,11018.25,4,2,4,424
C01479,10,7,3524.11,4,2,1,421
C01480,6,10,9745.0,5,3,3,533
C01481,35,3,1784.33,2,1,1,211
C01482,14,4,5105.0199999999995,3,1,2,312
C01483,22,5,5933.3,2,1,2,212
C01484,41,8,8877.0,1,2,3,123
C01485,42,7,10337.0,1,2,4,124
C01486,30,10,8473.0,2,3,3,233
C01487,16,3,2251.75,3,1,1,311
C01488,8,12,10646.65,4,4,4,444
C01489,37,17,12220.42,1,5,4,154
C01490,6,16,23127.590000000004,5,5,5,555
C01491,40,9,8396.75,1,3,3,133
C01492,7,15,10452.970000000001,4,5,4,454
C01493,2,17,13822.94,5,5,4,554
C01494,3,13,5867.0,5,4,2,542
C01495,14,9,8271.0,3,3,3,333
C01496,48,8,8199.0,1,2,3,123
C01497,29,7,4305.0,2,2,1,221
C01498,5,8,7157.3,5,2,3,523
C01499,24,13,21885.0,2,4,5,245
